CGPA,Programming Skill (1-10),Math Skill (1-10),Problem Solving (1-10),Communication Skill (1-10),Cybersecurity Knowledge (1-10),Database Knowledge (1-10),AI/ML Knowledge (1-10),Networking Skill (1-10),Creativity (1-10),Leadership (1-10),Mobile Dev Skill (1-10),Cloud Computing Skill (1-10),Blockchain Knowledge (1-10),Robotics Skill (1-10),System Design (1-10),Design Skill (1-10),Preferred Interest,Suggested Career
6.8,8,2,7,9,2,4,5,5,5,5,4,6,2,10,4,4,Analytics,Robotics Engineer
7.26,4,1,5,10,10,7,3,4,10,10,9,4,1,3,5,6,Systems,Project Manager
6.3,4,4,9,5,4,7,4,5,7,8,6,3,2,9,3,5,Design,Software Engineer
8.67,9,6,5,7,9,2,7,5,4,4,9,5,6,2,4,10,Networking,Mobile App Developer
8.02,10,8,4,4,3,5,10,2,3,10,9,2,2,10,2,4,Design,Mobile App Developer
9.3,9,2,4,6,4,1,2,5,7,5,8,7,6,4,4,10,Design,Mobile App Developer
9.5,5,4,9,1,2,9,6,7,2,10,2,7,8,5,9,2,Analytics,Database Administrator
6.22,7,9,5,7,9,9,2,6,9,5,2,4,1,8,6,10,Research,Robotics Engineer
7.62,7,5,6,1,2,9,8,3,3,5,9,3,1,3,5,2,Design,Software Engineer
9.79,7,9,4,5,10,6,8,5,5,9,7,7,8,7,1,5,Management,Blockchain Developer
9.79,4,7,1,8,9,9,4,8,4,1,4,2,1,6,6,1,Systems,Cybersecurity Specialist
7.9,9,3,8,7,5,4,8,9,3,10,4,7,4,6,7,4,Design,Cloud Engineer
8.19,2,1,9,1,10,9,4,3,5,1,7,9,4,9,1,9,Systems,Database Administrator
7.88,10,7,1,8,8,4,10,1,10,4,3,9,6,7,3,7,Networking,AI/ML Engineer
7.79,4,10,4,4,9,2,3,5,4,6,9,3,4,6,6,4,Networking,Software Engineer
6.08,5,9,5,4,2,2,1,8,4,4,3,8,8,1,1,9,Coding,Cloud Engineer
9.11,2,3,4,9,4,4,6,10,1,3,1,10,4,5,6,8,Analytics,Cloud Engineer
8.06,9,6,1,4,6,2,5,4,6,4,4,1,9,6,5,5,Systems,Blockchain Developer
7.68,4,3,10,10,5,7,8,4,4,3,6,4,3,3,6,7,Coding,Software Engineer
6.85,1,2,2,2,1,6,6,6,1,8,9,1,8,4,6,9,Systems,Software Engineer
6.4,6,2,6,7,10,9,5,5,9,5,5,2,6,6,5,9,Management,UI/UX Designer
8.22,5,8,6,10,6,5,4,5,3,8,7,4,7,1,1,2,Research,Project Manager
8.17,1,7,3,7,7,3,10,1,9,10,7,1,8,3,10,6,Systems,Software Engineer
6.45,5,7,9,8,8,5,6,8,1,7,8,6,1,9,5,9,Research,Software Engineer
8.37,2,4,10,9,3,9,7,5,5,5,2,10,10,2,6,1,Management,Database Administrator
8.28,8,5,1,5,8,1,9,4,3,9,3,8,8,1,6,5,Systems,AI/ML Engineer
9.62,5,7,8,9,7,4,6,1,3,10,10,6,6,5,1,6,Management,Project Manager
9.93,7,7,9,3,10,7,4,9,4,2,2,2,5,8,6,6,Design,Cybersecurity Specialist
7.12,10,6,1,1,1,1,6,5,5,5,8,9,4,8,4,6,Networking,Mobile App Developer
6.01,3,1,10,5,7,2,4,2,1,6,8,6,9,8,8,10,Analytics,Software Engineer
6.12,5,1,9,7,10,9,7,9,5,7,3,10,2,10,3,5,Coding,Cybersecurity Specialist
7.63,6,8,6,1,10,3,3,6,9,4,2,5,1,7,5,1,Coding,Software Engineer
7.11,8,6,1,4,3,2,10,6,8,10,10,7,9,4,5,7,Analytics,Mobile App Developer
8.24,1,10,8,7,9,8,7,5,6,2,9,7,4,7,1,8,Coding,Data Scientist
6.37,4,5,5,6,5,2,8,8,9,2,10,10,1,2,4,2,Research,Cloud Engineer
6.05,3,8,6,6,5,3,3,2,3,10,8,6,1,10,9,4,Management,Software Engineer
9.51,6,9,8,2,8,6,6,3,3,7,6,6,1,3,9,6,Design,Data Analyst
6.17,9,2,4,7,4,5,6,1,7,9,3,6,10,9,6,7,Management,Blockchain Developer
8.63,4,2,10,4,5,5,3,1,1,2,2,1,8,7,10,2,Management,Software Engineer
8.63,8,5,4,1,10,5,5,3,6,9,4,2,4,9,9,7,Design,Robotics Engineer
7.09,7,10,3,8,7,7,3,3,2,10,2,4,5,10,8,6,Research,Robotics Engineer
6.67,4,8,3,10,9,10,6,8,6,2,3,7,1,4,7,2,Management,Cybersecurity Specialist
6.28,4,3,6,2,7,9,5,9,3,8,9,10,4,5,3,1,Systems,Cloud Engineer
6.54,7,1,9,5,4,8,5,10,2,10,7,2,4,1,9,2,Coding,Network Engineer
6.29,8,3,6,2,7,3,4,9,7,5,2,10,7,1,5,4,Networking,Cloud Engineer
8.15,3,6,6,2,2,2,2,7,8,9,7,8,8,8,7,4,Research,Software Engineer
8.34,5,9,9,1,1,8,8,10,8,10,8,1,2,4,5,6,Analytics,Data Scientist
7.3,7,9,2,10,7,4,5,7,5,7,6,10,10,6,5,8,Design,Blockchain Developer
7.86,5,5,3,4,8,1,4,5,3,7,6,6,8,1,3,2,Research,Software Engineer
7.56,9,9,9,4,9,4,1,8,10,6,2,7,4,5,9,5,Management,Data Analyst
9.84,8,10,9,4,4,2,9,8,8,9,3,8,8,3,7,6,Systems,Data Scientist
9.79,4,6,9,9,10,7,3,5,8,2,2,7,10,7,8,6,Research,Software Engineer
6.08,2,2,4,1,3,5,4,7,10,6,6,10,6,2,8,7,Design,Software Engineer
6.65,6,2,4,8,10,10,6,1,8,8,5,7,9,3,8,7,Design,Software Engineer
7.92,1,4,9,8,10,1,4,3,3,9,8,4,3,7,7,5,Systems,Software Engineer
8.07,4,1,6,10,1,10,8,10,6,9,3,8,10,1,3,6,Analytics,Cloud Engineer
9.87,1,8,9,9,1,8,6,9,1,2,2,3,9,10,6,9,Design,Data Analyst
8.91,3,7,1,8,2,2,6,9,10,7,9,5,4,4,7,1,Design,Network Engineer
7.91,1,6,6,10,7,7,1,2,8,8,7,2,7,3,2,3,Networking,Project Manager
6.4,8,10,9,1,4,9,5,6,5,5,2,7,10,1,10,10,Management,Web Developer
7.7,3,10,1,9,5,8,9,3,9,2,10,9,10,9,9,10,Coding,UI/UX Designer
9.59,3,2,4,4,1,9,10,7,8,2,1,5,10,8,5,4,Coding,Software Engineer
8.51,2,6,5,10,2,2,8,6,3,9,1,5,10,3,1,7,Research,IoT Engineer
9.89,3,7,1,5,5,6,1,2,8,7,10,9,2,6,5,1,Research,Software Engineer
6.85,8,8,6,5,10,9,8,7,4,3,5,6,8,6,8,3,Systems,Web Developer
7.25,9,1,9,5,5,2,4,3,6,8,10,8,6,5,5,8,Analytics,Mobile App Developer
9.14,4,1,3,7,6,2,5,9,4,7,10,5,9,7,6,9,Systems,Software Engineer
7.85,7,10,6,10,1,7,3,7,5,3,10,4,2,2,8,7,Research,Software Engineer
6.94,5,2,5,8,5,1,9,9,6,9,2,6,3,7,5,2,Design,Software Engineer
7.74,10,5,2,5,3,9,5,10,8,7,3,6,6,4,1,5,Networking,Web Developer
7.19,4,10,9,3,7,5,3,1,2,1,9,5,5,10,7,9,Systems,Data Analyst
6.56,1,2,8,4,2,3,1,5,5,5,8,2,1,8,5,9,Systems,Software Engineer
9.32,10,1,1,5,10,9,10,7,5,2,10,4,8,1,1,6,Analytics,Web Developer
6.43,3,6,5,8,7,9,2,6,6,8,5,5,7,2,10,7,Systems,Software Engineer
8.22,2,5,1,1,9,6,2,10,2,4,7,5,8,8,1,10,Management,Cybersecurity Specialist
6.08,9,6,6,4,8,8,10,9,3,5,1,9,7,6,1,6,Research,Web Developer
7.9,3,10,3,7,8,4,6,8,7,5,8,4,9,4,3,6,Systems,Software Engineer
7.41,9,5,8,7,5,7,8,5,10,2,2,9,3,9,10,9,Networking,Web Developer
7.0,1,5,10,8,2,7,1,6,3,7,3,3,4,1,2,10,Analytics,Software Engineer
8.49,8,1,4,10,8,6,9,6,2,9,1,10,5,1,10,4,Management,AI/ML Engineer
9.89,4,2,8,8,8,6,4,2,4,4,1,8,5,6,9,9,Design,Software Engineer
8.45,5,6,1,6,6,2,3,9,8,6,8,10,3,3,8,3,Management,Cloud Engineer
8.06,1,7,8,8,7,10,8,10,7,2,8,8,9,4,4,2,Coding,Cloud Engineer
7.46,10,3,4,9,8,10,1,1,4,6,7,5,9,5,9,5,Design,Web Developer
7.95,3,9,6,6,7,3,7,3,3,3,4,3,6,1,5,10,Management,Software Engineer
7.09,2,3,1,3,1,2,10,3,10,5,3,9,3,4,9,9,Coding,UI/UX Designer
8.39,5,8,3,1,4,1,5,7,2,2,1,6,7,7,7,4,Networking,Software Engineer
6.15,2,9,6,4,7,2,1,3,1,1,10,6,2,8,5,7,Research,Software Engineer
6.37,6,5,10,4,3,10,10,5,1,4,8,2,1,4,5,3,Coding,Database Administrator
7.05,7,5,3,5,6,2,7,4,9,2,3,7,5,1,1,1,Management,Software Engineer
9.6,4,5,6,5,6,10,2,3,6,9,3,2,6,7,9,5,Coding,Software Engineer
6.18,4,8,6,9,7,1,7,7,1,2,10,7,5,4,7,2,Design,Software Engineer
9.04,3,3,6,8,9,9,3,8,6,2,9,1,6,1,9,5,Networking,Cybersecurity Specialist
7.16,9,3,2,10,9,2,8,8,2,2,8,1,7,8,3,7,Research,Mobile App Developer
6.8,9,9,1,8,7,6,8,4,6,1,5,10,9,8,7,2,Networking,Blockchain Developer
8.3,2,5,4,7,2,8,9,2,10,9,8,7,4,3,8,5,Analytics,Software Engineer
8.55,1,5,9,5,4,2,2,1,6,4,10,8,7,7,10,6,Coding,Software Engineer
9.27,9,5,4,10,10,9,1,1,5,10,5,10,10,2,6,4,Coding,Web Developer
8.82,3,9,5,10,10,7,8,9,8,5,4,8,7,10,4,7,Coding,Cybersecurity Specialist
7.49,10,4,7,7,2,9,9,5,4,6,8,8,3,10,3,8,Design,Web Developer
7.27,10,7,2,4,7,8,8,5,4,5,3,3,1,6,4,4,Systems,Web Developer
8.34,10,4,3,2,9,8,8,9,6,6,10,3,7,7,7,2,Management,Web Developer
8.51,7,1,10,3,2,9,8,4,4,9,2,6,5,6,6,8,Research,Database Administrator
6.58,4,2,5,10,5,9,7,7,6,4,8,8,6,6,5,3,Management,Software Engineer
7.63,10,7,10,1,1,5,1,4,9,9,1,4,3,5,3,7,Networking,Game Developer
6.44,8,6,2,2,6,9,2,6,4,1,9,9,3,5,4,10,Networking,Web Developer
7.71,3,7,1,3,5,9,6,2,6,6,4,3,9,10,8,2,Networking,Software Engineer
6.01,9,4,6,9,9,6,4,8,8,9,3,10,6,9,10,6,Research,Cybersecurity Specialist
9.16,2,7,6,1,3,7,9,7,2,10,1,10,9,3,10,2,Coding,Software Engineer
9.73,10,1,7,8,4,5,2,4,9,1,9,8,4,7,7,10,Management,Mobile App Developer
8.26,9,4,2,10,9,9,8,5,1,7,6,9,7,3,2,3,Analytics,Web Developer
7.2,6,4,8,1,2,4,8,4,4,9,5,8,5,10,6,9,Networking,Software Engineer
9.58,8,6,7,1,9,4,5,8,9,2,4,2,6,7,10,2,Networking,Cybersecurity Specialist
6.64,10,5,8,3,10,8,1,9,9,7,5,6,9,8,7,7,Research,Web Developer
8.38,1,8,5,6,9,6,4,8,10,3,7,7,8,6,10,5,Management,Cybersecurity Specialist
6.4,7,9,8,5,6,4,6,6,5,9,8,5,6,6,7,5,Design,Data Analyst
7.37,4,9,6,1,10,10,1,10,10,10,3,10,1,10,5,1,Management,Cybersecurity Specialist
6.0,6,1,1,10,1,5,2,10,6,9,2,6,3,9,7,5,Systems,Network Engineer
8.81,10,9,10,3,9,8,1,10,10,4,2,6,7,9,1,1,Coding,Web Developer
7.36,3,5,6,8,2,7,3,1,10,6,9,8,5,7,10,2,Analytics,Software Engineer
9.99,4,5,3,6,5,6,6,8,2,3,2,2,7,6,6,4,Networking,Software Engineer
6.87,3,9,1,6,4,5,6,7,7,4,2,9,8,7,2,5,Systems,Software Engineer
9.9,7,4,1,4,1,2,10,1,1,1,2,8,5,1,8,3,Analytics,Software Engineer
8.27,8,7,6,2,8,9,1,6,6,6,4,9,3,8,1,7,Design,Web Developer
7.23,3,10,4,7,10,9,6,3,2,4,1,9,7,2,6,10,Management,Software Engineer
6.56,8,3,1,2,9,8,5,6,10,6,6,1,1,2,8,3,Coding,Web Developer
6.89,4,4,4,3,5,6,3,5,10,4,6,4,8,8,4,9,Research,UI/UX Designer
6.62,9,3,7,9,8,3,1,2,9,1,8,4,1,10,3,6,Coding,Mobile App Developer
9.33,5,9,7,2,3,9,8,8,2,3,6,4,3,10,6,8,Management,Data Analyst
6.59,1,10,7,1,7,10,9,7,6,6,10,7,1,3,4,9,Management,Data Analyst
8.28,2,1,2,8,10,2,2,5,5,1,4,3,7,8,10,7,Systems,Software Engineer
7.86,10,6,4,6,8,3,6,1,8,5,7,5,5,1,5,4,Systems,Mobile App Developer
8.84,8,3,8,10,2,2,8,5,1,9,6,7,5,7,9,7,Management,Project Manager
6.07,3,9,8,3,3,10,7,4,10,5,5,4,8,4,8,6,Networking,Data Scientist
8.93,9,5,4,2,6,3,8,9,5,8,9,9,8,1,3,9,Research,Mobile App Developer
7.94,7,1,10,7,6,2,10,9,2,6,7,2,7,9,4,10,Networking,Robotics Engineer
8.55,10,6,3,4,1,8,1,7,7,2,6,2,2,10,4,6,Systems,Web Developer
9.82,7,6,8,9,10,1,1,8,5,3,4,7,6,8,6,5,Coding,Cybersecurity Specialist
6.87,4,10,10,3,3,2,9,6,4,9,10,6,3,9,9,9,Analytics,Data Scientist
9.84,1,2,9,4,9,3,8,4,7,2,7,9,2,3,8,5,Management,Software Engineer
6.76,6,6,1,1,1,10,9,9,3,4,3,2,1,9,9,8,Management,Network Engineer
6.11,6,6,2,6,9,9,9,1,10,1,10,7,7,5,8,8,Management,UI/UX Designer
6.74,7,9,6,4,3,4,9,10,4,8,9,2,1,6,4,2,Analytics,Software Engineer
6.19,1,5,8,1,7,3,5,3,1,5,9,1,7,5,9,5,Systems,Software Engineer
9.29,5,3,2,6,7,9,2,6,6,4,2,2,1,1,10,6,Design,Software Engineer
8.9,6,10,1,7,7,4,7,8,6,4,6,1,3,1,2,6,Networking,Software Engineer
7.61,9,3,1,6,10,9,10,8,4,6,6,6,3,2,5,2,Analytics,Web Developer
9.72,8,5,10,10,9,8,7,10,2,6,10,4,3,8,2,3,Design,Web Developer
8.14,1,2,6,1,9,2,10,10,7,5,8,10,7,1,10,9,Design,Cybersecurity Specialist
7.32,2,8,6,5,2,8,2,5,2,5,4,2,9,8,4,8,Research,Software Engineer
8.13,7,3,1,4,7,7,2,1,1,8,1,4,9,2,4,9,Design,Blockchain Developer
8.85,8,1,10,5,1,1,1,2,1,4,4,6,2,4,3,6,Coding,Software Engineer
9.55,2,8,1,2,7,6,4,3,2,9,1,7,4,4,3,8,Research,Software Engineer
8.8,3,3,7,9,10,7,9,1,5,4,3,3,10,2,6,1,Research,IoT Engineer
7.35,4,7,5,3,8,8,1,9,6,8,4,10,3,8,4,4,Networking,Cloud Engineer
8.15,3,9,5,10,2,5,4,8,9,7,7,7,7,1,3,3,Coding,Cloud Engineer
6.84,1,1,9,9,8,9,10,6,3,7,4,3,8,9,5,8,Management,Database Administrator
8.26,9,4,5,7,3,1,6,5,9,3,1,7,6,1,9,9,Analytics,Game Developer
9.06,2,9,9,5,4,5,1,10,1,6,2,9,4,3,8,3,Design,Data Analyst
8.26,1,8,1,7,9,6,7,1,2,10,9,10,6,4,2,2,Management,Software Engineer
9.46,9,7,2,1,5,7,1,4,8,7,6,5,9,9,7,7,Systems,Web Developer
7.51,1,5,9,6,9,9,2,3,6,1,4,4,6,3,1,1,Systems,Database Administrator
7.52,10,7,2,1,7,10,9,2,5,9,1,8,2,2,9,2,Design,Web Developer
7.84,4,6,6,8,3,1,8,5,4,1,1,4,5,4,4,1,Design,Software Engineer
6.73,9,2,8,2,10,4,9,8,7,4,2,8,2,2,6,1,Coding,AI/ML Engineer
6.51,1,9,1,1,9,4,10,9,9,9,6,4,2,6,9,3,Management,Cybersecurity Specialist
8.28,9,1,7,3,10,3,1,7,2,5,2,2,7,3,6,5,Research,Cybersecurity Specialist
6.05,1,1,8,3,7,6,3,8,6,9,7,6,2,9,10,7,Networking,Software Engineer
7.74,3,4,1,10,7,4,4,2,3,6,8,7,10,2,2,5,Design,Software Engineer
9.97,8,4,2,10,7,5,9,10,6,4,1,9,8,5,10,5,Research,AI/ML Engineer
7.83,6,10,6,7,8,1,3,5,3,3,7,9,2,6,3,6,Research,Software Engineer
8.91,2,3,4,10,7,7,5,8,10,2,8,3,6,10,8,10,Management,UI/UX Designer
6.64,5,6,9,7,9,2,2,9,10,2,2,2,6,1,4,4,Research,Cybersecurity Specialist
6.1,1,3,3,7,5,8,7,1,2,10,10,1,8,8,3,9,Systems,Software Engineer
6.1,10,4,5,8,10,7,6,10,7,7,7,1,9,6,1,6,Analytics,Web Developer
7.03,9,6,1,4,4,3,8,7,10,9,1,7,1,7,6,5,Research,Game Developer
8.08,2,4,6,9,10,6,3,8,1,2,3,1,3,1,6,4,Design,Cybersecurity Specialist
7.34,9,8,8,7,5,5,4,5,1,1,4,1,1,10,2,10,Research,Data Analyst
9.33,7,10,5,3,9,4,3,9,10,9,3,6,2,3,5,1,Networking,Cybersecurity Specialist
7.9,4,5,1,8,7,5,3,10,4,5,5,5,9,7,2,8,Research,Software Engineer
6.22,1,8,8,5,10,6,1,10,7,7,4,3,6,10,5,9,Research,Data Analyst
8.42,6,4,8,6,5,9,8,3,4,5,5,6,8,7,3,9,Design,Database Administrator
7.69,10,3,7,7,8,6,1,1,6,5,9,1,9,9,5,10,Design,Mobile App Developer
7.5,3,7,10,6,4,5,10,7,6,1,9,6,2,9,10,7,Coding,Software Engineer
8.18,2,9,7,2,8,6,8,10,4,5,1,5,8,6,3,7,Networking,Data Analyst
6.81,10,5,4,1,1,6,1,3,5,6,1,5,4,4,7,5,Management,Software Engineer
9.73,5,10,4,10,7,10,1,10,6,2,6,4,4,3,9,7,Systems,Network Engineer
7.05,10,5,4,8,1,1,9,1,5,1,9,6,5,4,1,2,Coding,Mobile App Developer
9.29,1,9,1,9,2,9,8,8,10,6,8,3,10,6,9,10,Systems,UI/UX Designer
9.16,4,9,5,9,8,4,9,10,2,6,9,3,3,5,3,2,Analytics,Software Engineer
8.03,2,9,2,6,7,8,2,6,8,9,6,4,5,6,1,9,Networking,Software Engineer
8.99,3,7,5,7,6,3,2,6,6,6,4,8,2,1,1,8,Management,Software Engineer
6.87,10,10,10,5,6,4,10,9,9,1,4,1,9,2,9,5,Systems,Data Scientist
7.9,1,8,9,4,9,8,2,1,8,3,8,4,6,8,8,4,Design,Data Analyst
6.48,7,4,6,5,7,10,10,5,4,9,3,2,4,1,9,7,Systems,Embedded Systems Engineer
8.2,4,2,5,10,8,4,7,10,10,9,2,3,9,4,6,5,Design,Project Manager
9.38,10,4,5,1,1,9,6,2,4,7,3,3,7,5,8,6,Systems,Web Developer
9.36,10,3,10,2,1,4,4,5,5,6,8,4,7,8,7,3,Coding,Mobile App Developer
6.68,3,5,10,5,1,3,2,7,1,4,3,5,3,6,9,2,Coding,Software Engineer
8.95,2,2,5,8,1,5,3,6,1,1,8,9,4,8,9,3,Coding,Software Engineer
8.54,7,9,9,10,3,5,1,9,4,4,7,10,8,9,6,6,Coding,Data Analyst
7.45,9,10,8,4,5,8,10,8,5,3,5,9,6,9,7,5,Research,Web Developer
7.56,8,2,7,2,6,2,3,4,3,1,5,7,2,8,10,8,Systems,Embedded Systems Engineer
7.0,9,6,3,7,3,10,5,2,4,3,9,1,6,7,1,3,Systems,Web Developer
8.82,4,1,5,6,5,10,4,5,3,8,5,3,8,4,10,8,Networking,Software Engineer
7.26,5,9,3,6,3,6,4,4,8,3,4,2,7,2,1,7,Analytics,Software Engineer
7.81,9,10,3,1,8,2,9,8,9,4,9,6,5,8,1,3,Research,Mobile App Developer
6.21,1,10,7,2,2,4,1,6,4,10,9,2,4,10,9,3,Analytics,Data Analyst
8.79,2,4,7,7,5,1,4,6,5,4,9,2,10,1,1,7,Research,Software Engineer
7.38,7,10,6,3,6,8,10,6,5,7,5,1,4,2,8,4,Analytics,Software Engineer
8.26,6,2,3,1,4,6,6,8,9,3,9,7,5,2,5,6,Management,Cloud Engineer
9.26,4,5,3,2,6,8,10,8,1,1,4,6,1,8,5,3,Networking,Software Engineer
7.77,1,3,7,2,10,4,2,9,4,4,5,9,3,2,2,4,Management,Cybersecurity Specialist
6.29,7,1,4,5,10,6,10,4,1,10,4,10,9,3,3,8,Analytics,Blockchain Developer
8.58,3,7,7,4,10,5,5,4,3,3,9,9,6,2,8,2,Networking,Software Engineer
9.39,6,5,1,2,2,5,1,2,10,3,2,8,3,3,10,6,Coding,Software Engineer
8.22,1,6,6,8,4,1,6,9,2,2,5,3,7,2,1,3,Coding,Software Engineer
8.31,6,2,5,1,9,3,3,5,8,2,10,9,10,1,3,4,Systems,Software Engineer
8.75,2,7,3,8,2,2,10,3,5,6,5,6,6,9,5,9,Coding,Software Engineer
7.97,1,9,1,4,8,5,2,6,3,10,6,4,2,3,8,6,Research,Software Engineer
9.23,4,3,2,7,7,2,4,8,1,2,6,9,3,4,4,6,Management,Cloud Engineer
7.13,9,1,7,4,9,10,3,1,3,1,1,5,5,6,8,7,Coding,Web Developer
8.85,9,3,5,4,6,7,7,10,5,8,1,3,6,6,1,10,Networking,Web Developer
8.48,6,2,5,5,6,3,7,4,10,7,6,9,10,1,8,4,Coding,Software Engineer
8.12,2,9,2,8,1,9,2,2,6,9,5,9,9,6,4,8,Systems,Software Engineer
8.9,3,10,9,10,2,4,8,7,2,9,9,9,4,4,1,2,Networking,Data Scientist
7.43,9,4,3,5,5,4,6,9,5,5,5,2,8,2,1,3,Analytics,Blockchain Developer
6.24,5,1,8,8,1,7,7,9,8,8,2,1,3,5,7,2,Design,Network Engineer
8.79,7,4,6,5,7,3,10,10,10,4,4,2,3,6,1,8,Networking,UI/UX Designer
8.83,8,7,3,9,10,6,7,9,3,1,5,10,1,6,8,5,Analytics,Cybersecurity Specialist
7.19,1,4,9,5,3,3,2,9,6,9,6,3,9,6,2,8,Design,Software Engineer
9.4,4,1,4,5,1,8,5,3,10,3,3,2,8,10,6,4,Management,Software Engineer
9.23,6,10,6,2,2,5,1,3,1,9,3,10,8,8,1,8,Systems,Software Engineer
6.62,8,6,1,5,9,2,1,10,8,1,10,4,1,2,9,5,Systems,Mobile App Developer
6.45,6,4,1,9,3,3,8,4,1,6,1,3,10,6,7,3,Management,Software Engineer
6.54,7,7,5,4,3,3,4,2,7,6,5,6,1,3,1,8,Networking,Software Engineer
7.68,5,8,3,7,9,10,9,7,1,2,10,5,5,6,1,5,Management,Cybersecurity Specialist
9.54,5,10,9,10,2,5,9,9,2,9,7,9,6,2,3,1,Systems,Data Scientist
9.54,2,1,4,2,9,3,5,8,4,3,9,1,4,6,1,9,Systems,Cybersecurity Specialist
6.35,9,6,4,3,5,1,8,5,10,3,3,8,5,9,5,8,Research,Game Developer
6.93,3,4,1,10,8,9,2,6,3,2,2,1,1,4,3,4,Research,Software Engineer
9.3,7,3,4,4,5,2,5,4,2,2,5,4,4,3,7,8,Systems,Embedded Systems Engineer
8.53,6,5,1,7,5,2,8,7,2,1,7,4,6,8,7,2,Analytics,Software Engineer
9.99,1,6,10,8,6,3,8,3,4,5,8,8,4,7,3,2,Analytics,Software Engineer
6.25,10,5,5,4,7,4,8,10,1,5,5,9,8,10,10,8,Coding,Cloud Engineer
8.53,7,10,9,5,6,8,3,5,7,5,1,1,10,10,6,8,Coding,Data Analyst
6.61,3,8,8,4,7,1,6,1,1,3,8,7,6,3,4,10,Management,Data Analyst
7.76,7,5,5,1,1,7,8,2,4,3,1,9,5,7,7,1,Management,Software Engineer
6.26,1,8,6,2,5,6,10,1,5,9,2,10,1,7,4,4,Research,IoT Engineer
8.83,7,8,6,1,5,5,10,8,10,8,3,4,2,4,9,5,Systems,Embedded Systems Engineer
7.5,6,5,7,8,8,8,4,5,1,2,5,6,10,4,2,7,Coding,Software Engineer
8.67,5,1,5,3,4,6,4,1,9,5,9,3,3,8,9,1,Analytics,Software Engineer
9.16,7,4,10,4,6,7,8,2,5,1,2,1,5,5,1,8,Coding,Software Engineer
9.57,3,8,3,1,10,5,1,4,8,8,5,6,8,7,5,3,Coding,Software Engineer
7.43,7,8,10,8,3,3,2,5,2,3,7,10,6,7,8,10,Design,Data Analyst
7.69,8,5,10,3,8,7,2,6,10,2,3,2,1,7,3,10,Coding,Web Developer
6.3,5,9,9,9,2,7,4,10,2,2,9,1,9,7,5,7,Design,Data Analyst
9.84,3,7,3,3,4,2,6,2,5,4,9,3,2,8,1,1,Research,Software Engineer
8.83,7,3,8,7,6,6,9,9,3,2,9,3,5,5,9,7,Networking,Network Engineer
6.06,6,5,4,3,10,10,2,1,8,9,5,2,2,3,5,5,Networking,Software Engineer
7.22,10,10,8,5,2,3,5,8,5,2,9,3,2,3,2,5,Research,Mobile App Developer
8.36,3,4,9,8,5,9,2,10,7,5,7,4,1,4,10,4,Systems,Database Administrator
8.91,1,3,6,1,6,1,8,4,1,9,6,2,9,8,8,4,Analytics,Software Engineer
6.17,10,2,10,4,7,3,10,3,3,3,4,1,6,2,9,3,Management,AI/ML Engineer
8.69,8,2,10,10,9,8,8,9,2,10,9,2,7,8,2,8,Research,Web Developer
8.98,5,4,4,8,6,9,6,7,1,2,3,7,2,8,8,10,Research,Software Engineer
9.92,9,7,5,7,8,7,4,4,9,1,1,8,3,1,9,6,Coding,Web Developer
9.82,6,10,2,5,1,5,7,2,10,2,5,4,6,4,8,7,Coding,Software Engineer
6.55,9,8,3,4,6,9,10,7,2,6,6,8,3,4,7,10,Research,Web Developer
8.75,6,8,2,10,7,8,9,4,1,10,2,10,9,7,8,5,Systems,Project Manager
8.52,10,10,7,3,4,10,7,10,2,10,10,6,9,9,7,2,Networking,Web Developer
7.74,7,1,1,3,7,6,1,9,8,5,1,7,9,8,5,8,Networking,Cloud Engineer
9.99,10,6,6,4,4,10,4,2,6,4,5,5,5,8,3,8,Analytics,Web Developer
6.54,3,5,6,9,7,7,5,5,1,8,3,6,2,9,6,2,Research,Project Manager
6.9,10,4,8,2,7,5,2,5,1,3,7,4,9,8,5,2,Design,Mobile App Developer
6.55,6,9,10,7,9,3,9,6,1,8,8,5,3,4,10,7,Management,Data Scientist
6.05,5,6,9,4,5,7,8,10,5,1,3,10,5,5,2,7,Management,Cloud Engineer
8.14,2,7,4,3,6,1,3,2,6,2,5,2,6,5,4,2,Analytics,Software Engineer
6.78,7,6,6,9,9,5,1,1,10,1,10,10,1,4,1,9,Research,UI/UX Designer
7.87,10,8,9,2,9,8,7,2,3,9,6,8,1,1,10,1,Systems,Web Developer
6.18,4,8,7,8,10,6,7,6,7,1,5,1,2,1,8,9,Analytics,Data Analyst
8.79,9,8,7,9,5,6,9,1,9,1,6,9,1,9,9,1,Management,Data Analyst
6.06,2,1,8,3,10,3,7,9,5,8,3,4,8,1,8,3,Management,Cybersecurity Specialist
9.35,7,6,1,2,8,8,2,7,10,7,3,3,9,6,9,6,Research,Blockchain Developer
7.2,1,5,1,3,8,10,2,4,8,8,7,9,3,5,1,10,Research,Software Engineer
6.99,9,6,9,3,5,1,2,1,5,1,2,10,8,7,10,3,Design,Blockchain Developer
6.57,7,7,8,2,7,6,1,6,7,4,2,1,5,7,7,1,Research,Software Engineer
8.64,1,10,7,1,10,10,8,5,10,10,7,9,9,2,7,4,Coding,Data Analyst
9.72,10,9,3,5,3,3,10,3,2,4,1,8,1,6,3,6,Networking,AI/ML Engineer
6.75,3,9,10,2,9,6,6,1,2,7,3,3,1,7,8,7,Coding,Data Analyst
9.76,6,1,1,8,9,7,8,5,7,2,9,3,7,9,9,4,Networking,Software Engineer
8.84,2,10,5,1,3,5,5,9,3,5,4,5,9,7,10,4,Networking,Network Engineer
9.53,10,10,7,3,10,5,1,10,10,2,9,5,1,9,5,2,Research,Mobile App Developer
6.53,4,1,2,8,5,7,3,2,8,5,1,9,6,10,10,5,Management,Software Engineer
8.86,2,9,9,1,4,6,6,5,1,10,8,10,6,6,1,6,Research,Data Analyst
7.88,3,8,4,2,1,6,1,1,7,9,2,8,3,4,2,9,Design,Software Engineer
6.6,10,5,7,8,10,3,8,10,2,7,5,4,5,4,3,2,Networking,Cybersecurity Specialist
9.41,7,8,5,10,2,5,9,10,7,6,2,9,4,9,9,8,Design,Cloud Engineer
8.37,1,2,6,10,9,9,8,5,9,4,6,1,2,1,7,8,Systems,UI/UX Designer
8.49,10,7,7,5,4,4,2,1,2,8,3,3,2,10,4,2,Networking,Robotics Engineer
6.73,6,4,3,1,6,7,2,3,5,10,7,10,7,1,1,7,Design,Software Engineer
7.15,1,8,7,9,1,6,1,3,10,1,5,9,2,9,6,2,Systems,Data Analyst
7.63,8,6,9,10,7,2,10,9,10,8,5,4,6,8,8,6,Design,AI/ML Engineer
9.34,1,2,3,4,5,1,9,2,5,10,2,9,4,4,9,4,Management,Software Engineer
6.11,4,8,5,5,6,8,3,3,9,2,6,9,6,7,4,8,Coding,UI/UX Designer
9.01,8,9,7,3,7,2,1,7,2,1,6,4,1,3,7,2,Research,Data Analyst
8.08,4,8,10,4,6,7,5,6,2,5,10,6,4,9,7,6,Analytics,Data Analyst
7.81,9,9,9,3,5,3,10,9,6,6,3,4,8,9,4,7,Research,Data Scientist
7.54,10,3,1,8,1,2,3,4,1,1,2,7,5,2,7,3,Coding,Software Engineer
7.52,4,3,7,6,5,9,3,5,9,7,10,1,6,5,1,5,Design,Database Administrator
6.1,1,5,1,1,4,5,7,3,1,4,5,7,3,8,4,2,Networking,Software Engineer
7.21,8,4,8,7,3,4,3,2,4,4,4,8,7,7,3,7,Research,Software Engineer
7.15,7,2,2,4,7,3,4,10,2,6,9,8,6,6,10,8,Analytics,Cloud Engineer
6.42,1,2,10,8,5,1,4,4,9,10,8,4,5,6,2,10,Analytics,UI/UX Designer
7.89,2,1,3,4,1,5,1,9,7,3,10,9,3,10,6,6,Coding,Cloud Engineer
8.26,7,9,2,5,5,6,2,6,6,3,2,9,3,1,7,6,Coding,Software Engineer
7.56,7,8,2,8,9,1,8,2,6,10,5,2,4,9,1,10,Systems,Embedded Systems Engineer
7.3,2,8,8,8,6,10,10,9,8,3,2,4,8,7,3,5,Coding,Data Scientist
9.67,3,10,4,9,8,4,4,10,8,3,4,5,1,1,6,1,Coding,Software Engineer
7.03,7,8,1,2,9,4,5,5,2,3,7,7,8,5,10,6,Analytics,Blockchain Developer
8.27,2,9,9,7,9,10,5,4,7,4,10,4,2,1,10,5,Networking,Data Analyst
7.91,5,2,8,5,4,10,6,3,10,3,5,6,1,4,8,5,Coding,Database Administrator
8.9,2,10,2,7,6,5,9,7,8,8,10,3,9,5,7,6,Systems,Software Engineer
6.07,5,2,6,4,3,7,2,6,10,4,9,6,9,3,8,5,Coding,Software Engineer
7.66,4,10,5,9,5,3,3,4,10,4,4,9,10,10,2,7,Research,Software Engineer
7.1,5,3,10,1,9,1,8,9,2,5,8,7,7,5,5,10,Analytics,Cybersecurity Specialist
9.14,4,2,5,2,5,2,1,2,3,3,9,9,2,10,7,2,Research,Software Engineer
7.76,5,7,6,5,1,7,8,1,10,6,2,10,7,10,7,5,Systems,Software Engineer
6.27,1,6,10,3,9,5,8,6,7,1,3,10,2,10,5,1,Research,IoT Engineer
7.21,1,5,6,9,3,10,6,10,7,8,8,5,1,2,7,10,Networking,Network Engineer
6.75,3,5,5,5,10,6,8,6,3,4,3,4,1,8,8,10,Networking,Software Engineer
6.42,8,9,1,2,6,8,1,5,10,4,5,4,5,9,2,2,Analytics,Web Developer
7.61,5,6,4,1,1,2,4,7,6,2,7,6,3,6,8,7,Analytics,Software Engineer
7.87,9,7,6,2,1,4,5,6,9,10,5,4,3,7,8,1,Research,Game Developer
9.42,5,8,10,3,1,1,2,7,1,3,10,4,1,10,5,7,Coding,Data Analyst
7.5,10,5,9,2,3,5,1,7,8,10,3,4,7,1,1,3,Systems,Game Developer
8.3,7,9,8,4,10,1,2,7,9,8,9,4,3,1,7,3,Analytics,Data Analyst
9.64,7,2,1,9,5,8,4,8,4,9,5,6,9,4,2,6,Coding,Blockchain Developer
8.02,9,1,3,2,9,10,1,1,8,9,2,7,8,3,10,1,Research,Web Developer
8.05,1,8,9,9,8,2,7,1,8,5,5,9,9,5,6,6,Design,Data Scientist
9.7,1,7,3,8,6,2,6,9,6,2,5,8,2,4,3,9,Management,Cloud Engineer
8.32,10,9,1,1,2,5,8,4,8,9,2,9,6,8,2,8,Networking,Game Developer
7.73,6,4,4,10,2,6,10,10,5,1,9,7,8,2,1,8,Design,Cloud Engineer
9.97,10,9,6,6,10,4,5,10,6,3,3,4,4,9,4,7,Analytics,Cybersecurity Specialist
8.12,3,8,10,7,2,3,1,10,2,4,3,7,5,10,2,3,Networking,Data Analyst
6.01,8,9,6,7,9,5,7,3,2,7,4,6,6,4,4,5,Systems,Embedded Systems Engineer
6.29,3,6,7,7,7,8,2,1,4,3,10,1,4,9,6,10,Analytics,Software Engineer
9.97,8,4,9,4,7,3,2,6,10,5,6,8,10,5,6,10,Management,Blockchain Developer
6.74,9,7,6,3,5,3,9,9,3,7,5,4,3,3,6,9,Design,AI/ML Engineer
8.44,8,4,2,7,3,9,2,2,4,4,7,6,8,7,6,2,Networking,Web Developer
6.59,9,9,3,2,6,9,3,8,6,9,4,2,9,10,1,3,Analytics,Web Developer
9.62,9,9,9,10,3,4,6,5,6,10,9,3,9,8,7,10,Coding,Mobile App Developer
7.26,1,3,10,8,1,6,1,4,9,3,2,9,6,7,9,7,Design,Software Engineer
6.4,6,6,7,8,3,2,6,1,10,6,5,2,9,2,1,3,Research,Software Engineer
6.61,2,4,5,9,3,7,8,5,10,9,8,5,4,6,6,4,Coding,Project Manager
7.39,3,9,1,6,4,5,4,9,3,2,5,10,2,5,4,2,Management,Cloud Engineer
9.65,3,5,4,6,2,3,9,6,5,10,9,4,5,2,7,2,Coding,Software Engineer
8.53,5,3,4,7,10,8,5,4,1,1,8,10,3,4,6,9,Analytics,Software Engineer
9.82,2,5,9,2,1,10,5,10,4,8,5,9,3,2,4,7,Analytics,Cloud Engineer
7.1,1,3,7,5,3,4,6,3,9,7,4,3,6,5,10,7,Design,Software Engineer
8.0,9,1,7,8,4,8,6,8,3,5,1,6,2,4,1,9,Research,Web Developer
6.66,7,9,8,2,5,5,8,1,5,9,8,5,9,9,9,7,Design,Data Scientist
7.32,3,4,2,9,5,9,2,3,8,6,5,2,7,3,3,9,Analytics,Software Engineer
9.67,4,7,5,5,10,1,3,8,1,9,1,8,9,3,3,1,Networking,Cybersecurity Specialist
7.95,2,8,10,10,9,4,1,5,2,9,5,9,6,10,7,6,Networking,Data Analyst
6.58,1,2,8,3,10,3,8,4,3,7,8,3,10,3,8,3,Networking,Software Engineer
8.9,5,2,8,2,10,6,1,2,4,2,1,6,4,8,5,3,Research,Software Engineer
6.44,1,5,2,6,6,3,7,9,6,6,1,8,4,9,8,10,Systems,Cloud Engineer
8.04,10,9,7,2,9,5,6,1,5,4,8,3,3,10,6,1,Networking,Mobile App Developer
6.13,3,3,7,5,3,6,4,9,3,6,9,4,7,1,2,8,Research,Software Engineer
8.75,10,6,1,7,8,1,9,10,4,1,2,7,3,9,7,7,Design,AI/ML Engineer
9.58,6,6,10,3,5,7,6,5,5,8,7,4,10,4,6,4,Design,Software Engineer
8.17,4,10,6,3,9,1,9,5,4,9,1,7,4,4,4,6,Analytics,Software Engineer
8.65,4,4,5,3,7,5,5,9,3,4,7,5,4,2,2,8,Networking,Software Engineer
8.25,6,5,1,1,1,1,8,4,6,6,5,1,7,10,9,8,Coding,Software Engineer
9.75,3,8,2,1,3,1,8,6,8,6,7,8,1,8,6,6,Design,Software Engineer
6.1,6,2,3,4,2,2,1,5,6,3,9,2,3,5,1,10,Design,Software Engineer
6.04,2,2,8,10,6,1,4,4,9,7,7,8,7,2,4,3,Coding,Software Engineer
9.19,6,6,3,9,1,2,5,2,1,6,9,7,2,6,9,2,Analytics,Software Engineer
8.62,4,2,4,5,6,3,1,5,8,4,7,1,7,4,6,7,Research,Software Engineer
8.66,1,3,9,10,5,10,4,10,5,4,5,1,3,10,7,9,Design,Database Administrator
9.39,10,7,2,4,5,1,9,8,1,2,3,3,2,5,2,8,Design,AI/ML Engineer
6.24,8,5,1,9,2,6,6,10,1,1,4,9,2,2,4,9,Management,Cloud Engineer
7.99,2,5,6,4,1,5,1,8,4,8,9,4,4,1,1,7,Analytics,Software Engineer
7.63,4,4,2,2,9,1,1,3,1,10,8,7,2,1,6,2,Coding,Software Engineer
6.2,2,9,5,7,6,8,7,2,5,6,5,6,5,4,4,5,Design,Software Engineer
7.48,2,2,9,1,9,3,4,8,3,1,8,3,10,7,10,1,Coding,Cybersecurity Specialist
6.81,8,8,3,7,1,6,6,6,4,3,6,9,1,8,3,7,Management,Robotics Engineer
6.41,10,2,4,5,1,5,7,3,10,8,7,2,5,2,10,10,Analytics,Mobile App Developer
8.51,5,9,2,8,9,5,6,4,2,3,9,4,3,7,8,1,Systems,Software Engineer
8.42,7,6,1,8,8,4,9,1,1,7,8,10,1,9,9,1,Analytics,Robotics Engineer
9.68,8,5,3,7,7,3,7,6,1,1,10,8,5,4,1,2,Analytics,Mobile App Developer
8.17,5,9,6,7,9,4,7,1,8,3,1,5,6,3,6,4,Analytics,Software Engineer
9.61,5,7,2,10,9,10,10,4,5,1,2,2,4,1,2,1,Design,Software Engineer
9.35,4,4,5,3,6,8,8,3,6,7,3,10,7,9,5,7,Management,Software Engineer
8.02,5,2,5,8,6,2,6,6,1,6,4,2,9,5,9,6,Networking,Software Engineer
7.41,5,6,3,10,8,6,4,3,3,5,8,7,2,4,10,2,Systems,Software Engineer
8.74,8,5,6,3,6,9,4,4,3,9,10,10,9,6,8,4,Design,Web Developer
6.38,9,2,9,1,10,7,4,7,5,6,7,9,10,9,3,6,Management,Web Developer
6.1,7,7,6,3,10,7,7,4,6,3,6,1,7,1,8,8,Design,Software Engineer
9.82,4,4,2,6,2,4,2,3,7,4,10,8,8,6,5,2,Research,Software Engineer
6.97,1,9,4,9,2,4,10,6,6,8,10,3,2,10,8,7,Analytics,Project Manager
6.3,2,2,3,6,7,3,2,10,5,10,7,4,3,4,2,3,Coding,Software Engineer
9.44,3,6,9,10,9,6,6,9,10,1,10,2,10,3,5,2,Management,Cybersecurity Specialist
9.47,1,7,5,1,3,1,4,5,4,5,4,3,10,10,7,6,Networking,Software Engineer
9.76,6,6,1,9,2,3,6,6,6,3,8,8,9,10,5,3,Management,Software Engineer
6.82,9,6,6,1,8,9,9,2,9,9,7,10,10,10,1,4,Research,Web Developer
9.94,8,8,3,1,5,4,4,3,3,2,2,2,9,9,7,5,Design,Blockchain Developer
8.48,2,1,1,10,6,4,9,5,3,10,6,4,7,10,2,3,Design,Project Manager
6.19,5,5,4,4,5,1,3,1,9,4,10,5,8,8,5,8,Management,UI/UX Designer
7.83,2,2,4,5,6,1,6,4,8,2,6,2,9,9,7,8,Design,Software Engineer
7.92,7,7,10,1,3,7,10,7,5,4,4,6,6,6,10,5,Research,IoT Engineer
9.93,6,7,4,2,10,3,3,2,5,9,9,2,1,5,5,3,Networking,Software Engineer
8.64,5,8,1,8,6,7,5,8,5,7,2,5,3,6,5,4,Coding,Software Engineer
6.43,5,4,10,4,9,10,4,1,8,6,4,6,1,6,1,3,Networking,Database Administrator
7.34,8,8,4,2,6,7,5,6,9,2,10,8,3,3,2,3,Analytics,Web Developer
9.77,5,5,10,2,10,6,3,8,2,3,10,8,7,3,5,1,Design,Cybersecurity Specialist
9.94,10,8,10,2,1,2,5,1,1,7,1,10,10,9,6,4,Analytics,Data Analyst
6.71,8,8,1,10,10,7,8,6,9,4,3,4,8,5,8,10,Research,Web Developer
9.88,4,1,5,3,5,10,7,8,9,1,9,4,2,6,10,9,Research,UI/UX Designer
6.04,4,7,7,7,1,7,1,10,2,9,2,7,9,1,6,3,Coding,Cloud Engineer
8.45,5,4,5,1,3,2,2,3,3,2,10,8,10,2,3,3,Research,Software Engineer
7.35,10,3,8,5,5,1,7,4,5,6,4,1,1,2,6,10,Systems,Embedded Systems Engineer
6.59,6,5,1,1,3,10,10,3,1,8,6,7,9,8,9,9,Networking,Software Engineer
6.11,6,7,7,3,4,7,5,2,8,5,10,6,7,7,4,5,Management,Software Engineer
8.91,1,5,2,9,5,5,9,5,4,7,4,9,9,1,7,10,Design,Software Engineer
6.46,1,1,10,4,4,8,6,6,3,4,1,4,9,1,5,5,Networking,Software Engineer
8.54,3,6,4,10,4,1,10,8,6,9,4,6,8,4,1,1,Coding,Project Manager
8.43,8,2,1,8,10,2,6,3,4,9,5,4,10,6,2,4,Design,Blockchain Developer
9.03,10,7,8,1,6,4,3,10,9,9,10,2,4,5,2,8,Systems,Mobile App Developer
7.51,3,10,8,10,7,7,2,5,5,4,6,2,3,9,5,3,Design,Data Analyst
9.38,1,2,1,8,8,3,7,5,2,5,6,5,9,1,6,6,Research,Software Engineer
8.35,5,10,4,10,2,2,8,4,9,1,5,4,10,6,4,1,Networking,Software Engineer
9.9,3,10,7,1,4,9,9,9,4,9,8,8,6,10,9,6,Research,Data Analyst
9.32,5,5,1,5,9,7,4,5,4,7,4,4,6,10,8,7,Coding,Software Engineer
8.82,2,3,2,10,8,2,2,6,1,8,10,5,8,1,10,1,Systems,Project Manager
6.21,6,2,6,10,10,9,5,1,10,3,8,8,5,7,7,2,Networking,Software Engineer
9.39,8,7,1,2,7,9,7,2,9,5,2,5,8,3,6,1,Design,Web Developer
9.94,4,1,6,8,4,9,2,9,3,5,9,4,6,1,3,8,Networking,Software Engineer
6.43,8,6,7,2,2,7,2,2,3,6,1,3,7,8,10,10,Systems,Web Developer
9.79,8,2,4,5,4,2,8,3,2,3,7,9,2,5,2,5,Analytics,Mobile App Developer
8.01,5,5,3,6,4,3,10,2,1,8,9,7,6,1,3,5,Management,Software Engineer
8.44,10,1,1,9,10,5,8,3,9,4,7,4,3,3,5,9,Research,Mobile App Developer
6.67,2,8,3,2,4,5,3,10,6,5,2,4,8,3,1,8,Design,Software Engineer
8.67,4,6,5,3,4,7,10,1,5,10,9,6,9,1,8,10,Research,IoT Engineer
7.93,1,10,8,4,6,7,8,3,6,3,7,5,10,3,1,7,Research,Data Scientist
6.97,4,8,9,4,4,10,3,2,6,6,8,3,8,7,7,9,Systems,Data Analyst
6.38,7,6,6,7,6,7,6,1,4,5,9,3,8,8,4,1,Networking,Blockchain Developer
6.78,2,2,5,10,7,9,3,5,6,1,10,10,5,6,3,2,Networking,Software Engineer
8.42,10,9,4,7,5,2,10,7,2,4,1,1,10,1,4,6,Networking,AI/ML Engineer
9.52,10,6,8,5,9,4,1,5,5,7,3,10,2,2,2,5,Systems,Embedded Systems Engineer
7.86,8,4,10,6,4,5,4,9,6,2,9,3,9,1,10,6,Systems,Mobile App Developer
9.2,4,4,1,6,4,7,5,5,6,3,5,4,9,2,1,7,Research,Software Engineer
6.76,4,5,4,2,1,1,3,3,7,5,6,1,7,8,3,10,Management,Software Engineer
9.62,1,4,9,2,9,9,7,10,2,8,2,1,6,8,9,5,Analytics,Cybersecurity Specialist
6.98,3,6,2,1,7,5,2,2,2,2,10,2,2,9,1,5,Management,Software Engineer
8.46,4,9,8,5,2,5,6,1,2,4,9,5,3,4,5,4,Analytics,Data Analyst
6.84,1,2,7,4,1,1,2,3,4,9,3,1,4,7,5,1,Design,Software Engineer
9.98,4,3,4,5,7,4,3,9,10,6,5,4,8,6,6,2,Management,Software Engineer
7.53,1,4,4,7,4,6,9,2,2,2,8,4,10,9,5,4,Research,IoT Engineer
9.77,4,6,9,4,9,6,4,1,8,10,9,9,4,3,6,10,Systems,Software Engineer
9.08,3,2,5,3,7,2,1,4,9,3,6,7,6,8,9,8,Research,UI/UX Designer
6.2,2,3,3,4,9,5,7,1,2,10,4,6,9,2,1,8,Design,Software Engineer
6.56,4,2,6,9,9,6,6,6,7,7,1,7,9,2,7,10,Systems,Software Engineer
9.1,8,3,1,4,1,2,5,8,7,7,5,6,1,7,1,3,Design,Software Engineer
9.74,9,5,8,6,9,5,10,9,4,9,4,6,9,10,7,3,Networking,AI/ML Engineer
8.37,7,6,9,1,5,9,8,6,5,2,9,10,9,2,2,9,Design,Database Administrator
7.49,7,5,8,7,2,9,6,5,8,4,9,8,9,8,4,9,Design,Database Administrator
8.65,2,6,4,4,2,8,2,3,9,2,3,7,8,5,8,5,Analytics,Software Engineer
8.16,10,5,1,2,8,7,2,3,5,2,5,1,3,5,5,1,Systems,Web Developer
7.6,5,4,1,2,10,3,10,2,8,1,4,2,5,10,6,4,Analytics,Software Engineer
6.08,8,6,1,9,1,10,10,10,3,7,9,3,5,9,9,2,Analytics,Web Developer
9.75,6,10,4,9,7,6,5,4,7,1,3,5,3,5,6,6,Coding,Software Engineer
9.03,8,4,2,9,5,10,4,2,6,3,3,8,1,10,1,7,Analytics,Web Developer
8.47,2,6,3,2,9,6,1,10,2,7,2,4,1,4,1,8,Coding,Cybersecurity Specialist
7.65,10,2,4,2,8,3,2,4,6,3,6,10,9,3,2,2,Systems,Blockchain Developer
8.93,10,7,9,5,10,6,6,1,8,3,6,3,9,8,2,6,Management,Game Developer
9.44,9,8,5,8,2,9,1,9,10,4,2,5,1,1,2,8,Networking,Web Developer
7.95,10,9,7,7,1,5,5,10,3,4,3,3,2,4,1,8,Networking,Data Analyst
8.54,7,1,8,4,1,9,5,6,5,8,6,9,4,5,3,7,Systems,Database Administrator
7.33,4,7,5,8,1,9,1,5,1,7,6,2,2,2,3,10,Coding,Software Engineer
7.82,1,3,10,6,4,10,6,2,7,5,9,6,4,1,10,2,Coding,Database Administrator
8.71,9,9,9,8,5,6,8,9,1,2,8,4,7,5,7,9,Management,Mobile App Developer
9.99,5,2,7,1,8,6,6,8,6,1,2,10,8,1,5,6,Research,Cloud Engineer
9.74,7,1,3,8,9,9,5,1,1,8,5,4,3,9,2,8,Coding,Robotics Engineer
9.13,3,2,6,7,9,9,1,2,1,5,10,10,7,5,8,10,Systems,Software Engineer
7.61,3,10,5,4,9,4,8,1,10,7,6,9,8,7,5,6,Systems,Software Engineer
9.16,9,10,7,6,7,6,8,10,1,8,1,9,9,9,1,3,Systems,Data Analyst
8.22,1,5,1,7,9,10,7,10,9,8,10,6,8,1,8,2,Networking,Cybersecurity Specialist
6.76,4,7,10,4,1,8,6,10,7,2,2,3,3,7,7,2,Systems,Network Engineer
8.63,8,8,5,7,1,6,1,2,3,8,10,3,2,5,6,1,Management,Mobile App Developer
8.46,8,3,7,8,10,7,1,3,7,1,10,3,1,10,8,4,Management,Web Developer
6.37,2,4,8,8,7,5,7,2,3,8,3,5,4,6,8,9,Coding,Software Engineer
6.59,8,7,2,4,6,8,1,4,4,4,8,10,5,3,5,6,Networking,Web Developer
8.73,3,3,5,2,9,9,2,5,1,4,8,4,7,9,3,7,Coding,Software Engineer
9.54,4,8,4,5,7,5,4,1,10,3,10,8,9,7,8,1,Research,Software Engineer
9.97,2,3,2,10,10,8,5,6,8,7,6,5,1,9,8,10,Systems,Software Engineer
6.01,1,3,2,9,5,2,3,1,7,1,2,2,9,10,8,8,Management,Software Engineer
6.6,2,6,10,6,1,10,1,5,10,2,3,7,1,7,1,2,Research,Database Administrator
7.78,6,2,5,2,5,1,6,7,6,6,2,3,5,9,8,6,Research,Software Engineer
7.39,6,8,3,10,5,7,4,4,9,3,6,3,1,8,4,4,Networking,Software Engineer
9.23,4,5,7,9,7,5,7,3,3,8,7,6,5,9,8,10,Coding,Project Manager
8.22,2,6,2,1,1,2,3,10,9,9,10,1,3,1,8,4,Networking,Network Engineer
9.12,1,6,2,6,2,10,10,3,1,3,7,7,4,5,2,10,Systems,Software Engineer
7.29,1,3,10,10,2,1,7,3,9,7,6,6,3,3,3,3,Analytics,Software Engineer
6.21,3,2,7,1,2,7,5,1,3,2,9,9,1,5,7,6,Analytics,Software Engineer
8.87,9,6,1,8,3,6,9,5,3,1,1,9,8,3,5,9,Systems,AI/ML Engineer
7.3,1,8,1,2,10,6,7,5,7,8,6,9,3,10,7,8,Systems,Software Engineer
9.54,9,8,5,2,7,5,2,9,2,3,4,3,1,8,5,2,Coding,Robotics Engineer
9.21,1,7,6,4,3,2,6,7,6,6,2,7,4,9,2,7,Design,Software Engineer
7.8,3,10,6,8,6,1,5,4,5,7,9,4,6,7,7,3,Analytics,Software Engineer
6.12,6,5,9,5,3,8,3,9,5,8,5,3,8,3,2,7,Systems,Software Engineer
7.66,5,3,10,4,1,2,7,5,2,3,8,1,1,5,7,1,Networking,Software Engineer
6.09,3,4,5,9,2,1,10,1,2,3,10,5,8,8,4,9,Systems,Software Engineer
6.05,4,1,9,4,4,4,1,10,3,1,9,9,9,6,7,1,Design,Cloud Engineer
6.4,1,5,10,9,6,7,1,4,2,5,1,8,9,2,1,9,Research,Software Engineer
7.1,10,8,7,1,10,9,9,3,7,1,8,8,5,9,2,6,Management,Web Developer
9.98,3,4,4,8,5,7,7,7,2,10,2,8,1,3,6,7,Coding,Software Engineer
6.99,6,1,8,2,4,8,7,7,6,9,5,3,5,10,8,10,Systems,Software Engineer
8.9,1,3,1,4,1,4,10,2,1,6,10,9,2,4,9,7,Research,IoT Engineer
7.95,9,9,1,6,9,2,2,2,3,3,6,10,3,6,6,4,Coding,Software Engineer
7.73,4,6,4,9,7,4,10,3,9,3,10,3,6,1,8,4,Management,Software Engineer
7.88,5,6,8,3,4,9,9,7,8,5,2,4,4,4,8,5,Research,Database Administrator
9.67,2,7,1,7,5,1,10,8,3,5,6,4,3,8,1,4,Coding,Software Engineer
8.53,1,2,8,10,9,6,6,3,3,7,2,9,8,3,3,10,Coding,Software Engineer
8.12,8,1,4,3,3,5,5,8,7,10,2,9,6,8,9,2,Management,Cloud Engineer
7.26,7,8,5,8,6,6,9,7,8,10,7,6,1,4,3,1,Systems,Embedded Systems Engineer
8.09,4,4,9,7,6,4,5,4,4,8,5,3,2,9,3,6,Design,Software Engineer
7.97,10,10,4,8,10,1,2,8,5,1,1,5,9,10,8,9,Research,Cybersecurity Specialist
9.74,9,10,9,6,7,9,4,2,6,7,9,3,4,3,7,3,Management,Web Developer
6.58,3,10,7,4,3,2,1,8,2,10,8,1,7,4,9,4,Analytics,Data Analyst
6.17,9,2,2,5,1,6,5,7,8,5,3,8,5,4,8,2,Networking,Game Developer
9.73,2,4,1,10,2,5,5,8,7,7,4,3,8,6,9,9,Research,Software Engineer
9.19,10,8,9,9,8,2,10,8,6,2,3,3,3,8,4,10,Research,Data Scientist
8.13,6,4,7,9,1,9,7,5,3,3,2,8,9,1,1,9,Coding,Database Administrator
8.49,2,2,10,10,10,10,9,8,2,3,6,7,9,9,7,6,Design,Cybersecurity Specialist
6.83,8,10,5,2,3,10,9,8,9,9,8,3,3,4,5,8,Research,Web Developer
9.94,4,5,9,8,4,7,8,5,6,9,4,4,9,6,7,6,Research,IoT Engineer
6.18,4,3,6,7,10,10,7,2,4,8,7,3,4,2,7,6,Design,Software Engineer
7.31,8,6,3,1,10,9,3,4,3,4,3,2,4,3,4,1,Networking,Web Developer
8.22,2,5,8,2,6,4,3,7,9,8,2,1,4,6,10,7,Coding,Software Engineer
7.46,6,6,7,3,4,4,4,6,9,10,9,1,6,2,1,4,Systems,Software Engineer
6.47,2,2,1,2,5,2,1,2,7,1,9,1,5,10,8,6,Analytics,Software Engineer
7.5,6,3,3,2,1,1,8,3,6,9,1,2,4,3,10,1,Analytics,Software Engineer
8.19,8,8,2,3,10,4,6,10,9,5,2,10,7,5,2,2,Management,Cybersecurity Specialist
6.11,5,10,9,8,9,2,5,2,4,7,4,5,4,3,10,4,Systems,Data Analyst
6.07,2,7,3,7,9,10,7,7,2,10,7,5,9,5,7,6,Systems,Cybersecurity Specialist
9.75,1,3,1,5,7,7,6,10,9,3,8,4,3,6,6,4,Systems,Software Engineer
7.81,7,8,9,9,7,6,5,4,6,3,1,8,5,8,5,9,Coding,Data Analyst
9.29,5,3,3,3,6,8,4,10,1,7,5,2,1,1,7,1,Design,Network Engineer
6.23,9,10,10,5,6,7,3,6,8,7,1,9,8,8,4,4,Analytics,Web Developer
6.24,9,2,1,10,3,8,8,3,3,9,9,10,4,9,7,5,Management,Web Developer
8.45,6,1,6,8,4,1,6,6,3,1,6,7,8,5,5,5,Research,Software Engineer
9.63,10,3,7,1,9,3,2,1,9,8,3,1,8,7,2,1,Systems,Game Developer
7.71,10,3,3,5,9,7,5,9,2,4,1,8,3,7,1,1,Research,Web Developer
9.61,2,2,3,1,10,5,3,8,7,1,10,8,4,4,7,2,Systems,Cybersecurity Specialist
9.59,3,2,2,3,2,10,10,5,3,4,4,7,6,5,9,3,Networking,Software Engineer
7.06,9,3,4,7,4,8,10,6,2,8,6,5,9,7,6,3,Analytics,Web Developer
6.72,5,2,1,6,8,8,10,10,6,8,2,2,2,9,1,6,Systems,Software Engineer
6.62,4,2,6,10,8,5,6,7,1,9,5,4,5,2,9,5,Analytics,Project Manager
7.45,7,10,8,10,8,10,9,4,1,9,4,6,8,4,10,10,Analytics,Data Scientist
8.55,7,1,9,10,1,9,5,10,6,8,6,1,6,4,7,8,Research,Database Administrator
9.55,9,7,10,5,3,1,9,6,1,4,9,4,8,5,9,8,Systems,Mobile App Developer
6.23,3,7,10,7,2,10,9,1,7,8,3,1,4,6,6,10,Design,Database Administrator
9.26,9,3,4,7,2,10,3,1,7,10,2,1,8,5,7,4,Management,Web Developer
7.43,3,4,2,6,1,7,10,4,2,5,8,2,9,1,7,5,Networking,Software Engineer
6.33,8,3,5,4,7,1,8,4,7,8,8,3,5,2,1,2,Analytics,Mobile App Developer
9.7,2,5,8,5,2,7,6,7,3,6,1,9,2,10,2,8,Systems,Software Engineer
8.57,9,10,9,1,4,8,9,2,8,2,7,8,1,2,2,5,Design,Web Developer
7.75,5,7,10,5,4,6,6,8,1,2,5,8,8,4,1,4,Coding,Cloud Engineer
9.84,8,1,4,3,1,1,10,3,3,10,4,2,7,10,10,2,Analytics,AI/ML Engineer
7.48,3,10,7,6,1,10,3,10,10,10,3,8,6,4,5,9,Networking,Data Analyst
6.33,7,6,2,2,4,5,7,5,8,4,1,4,9,10,2,4,Research,Blockchain Developer
7.17,10,3,9,4,7,3,5,4,9,9,10,5,9,1,4,8,Research,Mobile App Developer
8.46,4,5,8,6,4,2,4,1,8,5,10,10,2,6,10,9,Coding,Software Engineer
7.91,10,7,4,7,5,10,7,6,1,3,9,10,3,4,8,9,Design,Web Developer
6.49,9,6,4,1,5,3,6,3,5,8,9,7,9,3,5,3,Research,Mobile App Developer
9.85,7,8,4,3,5,9,6,6,3,2,2,9,2,9,8,2,Networking,Robotics Engineer
7.12,2,2,4,4,6,10,3,6,3,7,6,2,4,5,2,1,Research,Software Engineer
7.45,5,5,5,2,4,5,7,10,7,1,8,2,10,2,3,1,Analytics,Software Engineer
7.58,5,5,8,6,5,2,1,10,4,3,3,4,1,3,6,5,Networking,Software Engineer
6.58,6,9,10,1,6,7,1,5,3,6,3,6,7,10,2,8,Coding,Data Analyst
9.32,2,4,3,7,9,4,10,9,9,10,8,1,8,2,4,5,Systems,Cybersecurity Specialist
8.11,4,3,1,7,5,3,10,2,1,6,4,4,8,2,6,9,Analytics,Software Engineer
9.47,2,5,3,6,1,3,7,5,9,5,9,6,10,7,3,3,Coding,Software Engineer
8.43,6,3,4,8,10,2,5,4,5,9,5,4,9,7,6,6,Coding,Software Engineer
7.28,1,7,8,2,3,6,5,8,5,5,8,10,9,8,4,9,Coding,Cloud Engineer
8.14,4,3,1,3,2,9,8,10,4,5,10,10,9,3,10,5,Management,Cloud Engineer
8.7,9,9,5,8,3,5,9,1,7,7,2,4,1,7,7,6,Analytics,AI/ML Engineer
8.51,7,6,9,3,9,8,8,4,5,9,3,5,4,8,9,4,Research,IoT Engineer
7.11,8,8,6,1,4,6,10,4,7,7,7,1,4,9,7,2,Systems,Mobile App Developer
9.08,2,9,1,5,5,9,10,9,3,6,7,6,8,1,6,1,Coding,Software Engineer
8.8,8,10,5,3,10,8,4,5,3,5,2,9,2,10,1,2,Research,Web Developer
7.81,9,5,2,4,10,5,10,7,5,9,10,2,4,6,3,7,Analytics,Mobile App Developer
9.39,9,4,5,5,7,5,4,4,3,1,8,9,7,7,6,8,Research,Mobile App Developer
8.48,4,9,7,1,10,1,8,4,7,9,8,9,1,8,10,4,Design,Data Analyst
9.23,6,1,9,8,6,6,4,6,6,9,1,9,4,1,5,9,Systems,Software Engineer
6.46,7,9,4,5,7,5,6,8,3,2,6,5,1,8,10,4,Research,Robotics Engineer
9.78,4,10,6,10,8,5,9,6,4,6,9,8,10,1,6,2,Networking,Software Engineer
6.93,5,7,7,8,8,9,2,5,3,9,9,8,2,4,7,2,Analytics,Database Administrator
9.16,4,4,8,3,1,2,2,6,5,3,8,8,4,8,9,1,Design,Software Engineer
7.04,7,2,1,1,8,6,9,4,9,4,6,5,3,2,6,5,Networking,Software Engineer
8.47,2,1,4,6,10,1,2,6,8,1,3,4,4,8,3,9,Coding,Software Engineer
9.9,4,7,4,8,6,4,1,10,5,8,5,5,7,3,7,10,Systems,Network Engineer
8.94,10,8,2,2,2,6,5,3,8,5,2,1,3,3,2,4,Systems,Game Developer
8.46,5,10,9,7,10,6,9,5,7,1,9,4,9,10,4,1,Networking,Data Scientist
7.82,5,5,8,2,10,9,3,5,4,9,5,8,1,3,7,8,Coding,Database Administrator
9.11,9,3,5,1,8,10,7,7,3,5,3,10,4,1,6,7,Systems,Web Developer
6.9,4,7,9,5,8,8,6,10,8,2,8,10,1,1,2,9,Networking,Cloud Engineer
9.54,9,2,8,2,2,10,5,10,8,3,1,6,6,5,3,4,Design,Web Developer
8.6,6,6,5,9,8,6,5,7,2,9,6,4,6,7,2,2,Research,Project Manager
7.38,6,7,8,4,7,6,2,6,5,9,6,9,6,6,10,9,Systems,Software Engineer
8.47,9,2,3,3,6,6,2,10,3,5,4,5,7,3,6,7,Coding,Software Engineer
7.67,3,7,4,8,4,5,3,9,2,7,2,3,6,8,9,6,Networking,Network Engineer
8.34,5,3,3,3,4,2,3,10,1,7,5,3,1,1,7,7,Analytics,Network Engineer
6.77,6,6,6,6,6,8,8,8,3,10,2,4,8,2,5,6,Research,IoT Engineer
6.17,1,9,6,5,7,3,5,10,4,5,4,9,4,7,1,8,Coding,Cloud Engineer
6.98,6,4,5,10,7,8,4,8,1,10,1,9,5,6,5,3,Design,Cloud Engineer
6.67,5,9,8,2,6,4,3,7,10,8,8,9,5,9,2,3,Design,Data Analyst
6.62,10,6,6,7,6,9,4,1,8,6,5,6,4,4,4,10,Coding,Web Developer
6.97,8,8,6,7,7,1,2,4,8,9,9,3,3,9,9,2,Management,Mobile App Developer
6.38,7,5,7,8,5,9,6,3,3,4,2,6,8,9,2,8,Research,Database Administrator
7.06,6,2,6,3,6,7,4,2,3,2,4,2,2,8,1,2,Design,Software Engineer
6.03,5,9,2,3,3,2,7,5,2,9,2,3,3,8,3,1,Systems,Software Engineer
7.62,8,5,9,9,2,4,3,6,7,4,4,2,6,1,3,8,Design,Software Engineer
7.09,9,1,2,7,10,6,1,1,4,7,1,9,5,9,10,8,Research,Robotics Engineer
9.69,10,4,3,10,9,7,5,8,1,2,6,8,5,6,6,3,Coding,Web Developer
8.25,2,5,8,6,1,2,3,1,7,1,9,1,9,7,5,4,Coding,Software Engineer
7.84,4,8,9,2,1,6,5,5,5,10,3,10,8,10,6,7,Research,Data Analyst
7.66,5,1,9,7,7,7,4,4,6,7,5,6,10,8,9,2,Management,Software Engineer
7.32,7,10,3,9,10,1,6,10,7,9,10,6,2,5,9,1,Design,Cybersecurity Specialist
7.0,2,3,2,1,2,5,3,10,4,2,5,10,6,3,2,5,Analytics,Cloud Engineer
8.07,10,9,8,9,7,3,4,4,1,4,3,8,4,5,2,4,Systems,Data Analyst
6.2,1,6,4,3,10,5,2,9,2,7,9,4,4,7,3,9,Networking,Cybersecurity Specialist
6.74,7,6,1,7,3,10,8,9,1,6,2,3,3,8,1,7,Research,IoT Engineer
9.75,9,5,10,7,7,10,4,1,7,5,10,4,5,8,2,6,Networking,Web Developer
9.36,8,4,6,6,8,4,3,8,7,1,9,3,9,10,5,2,Research,Mobile App Developer
9.32,3,1,9,4,7,1,8,10,9,9,7,4,7,10,3,8,Systems,UI/UX Designer
6.43,2,4,2,5,5,10,9,6,7,5,5,7,4,3,5,7,Design,Software Engineer
7.13,4,5,2,9,10,5,10,4,8,2,2,2,8,2,2,5,Management,Software Engineer
6.39,7,10,4,3,6,6,6,3,1,5,5,2,1,5,5,7,Analytics,Software Engineer
9.78,6,5,5,6,9,4,3,5,1,7,5,9,5,10,9,5,Research,Software Engineer
8.83,3,10,6,6,9,9,6,2,10,5,8,9,10,3,4,7,Management,Software Engineer
8.66,7,4,1,10,2,5,4,9,5,3,3,2,8,9,2,10,Research,Blockchain Developer
7.03,5,5,4,1,3,9,1,2,8,1,8,4,7,10,4,6,Analytics,Software Engineer
6.05,4,6,5,10,10,1,4,1,3,5,9,6,4,10,8,8,Networking,Software Engineer
7.53,1,3,2,2,10,7,1,5,6,5,4,2,3,4,6,6,Research,Software Engineer
9.11,8,9,7,3,9,6,5,3,6,2,4,8,9,2,9,5,Coding,Data Analyst
7.59,2,6,1,1,9,6,8,2,7,3,8,1,10,3,5,7,Networking,Software Engineer
7.69,4,3,2,4,9,1,5,6,9,7,4,9,6,6,9,6,Research,Software Engineer
8.62,8,8,5,3,4,10,3,4,5,8,8,4,3,4,10,9,Coding,Web Developer
6.79,4,5,8,8,1,3,9,6,9,9,2,2,7,3,2,4,Networking,Software Engineer
6.72,7,4,5,5,9,5,10,8,1,7,9,1,3,6,3,2,Research,Cybersecurity Specialist
6.67,7,6,7,9,6,5,10,2,10,1,8,2,5,5,2,10,Systems,Embedded Systems Engineer
9.26,8,3,2,3,4,9,1,5,8,5,8,1,9,6,3,9,Coding,Web Developer
7.72,3,1,1,3,2,9,5,8,6,1,8,2,1,10,7,8,Systems,Software Engineer
9.61,3,7,3,3,5,1,5,7,9,7,9,8,10,1,9,9,Research,UI/UX Designer
7.63,1,6,6,5,6,4,8,6,2,2,7,9,6,4,7,4,Design,Software Engineer
7.47,7,6,10,8,2,4,10,5,3,1,2,10,2,5,1,4,Systems,Embedded Systems Engineer
9.83,5,8,3,4,8,9,7,8,5,9,4,3,3,6,5,8,Management,Software Engineer
9.44,6,5,1,7,7,6,2,7,4,3,6,1,5,4,5,2,Research,Software Engineer
9.14,10,5,8,7,4,10,1,9,7,6,3,9,7,1,10,10,Systems,Web Developer
7.58,4,1,1,2,7,10,5,10,2,10,9,8,5,8,9,4,Systems,Cloud Engineer
9.02,2,7,9,6,9,6,10,6,7,7,5,2,9,9,4,7,Design,Software Engineer
9.05,6,10,9,6,2,5,8,8,7,3,2,10,2,6,1,7,Networking,Data Scientist
6.7,7,8,1,3,1,6,6,7,10,1,8,10,1,1,1,2,Design,Software Engineer
8.4,9,10,6,9,1,6,7,10,4,9,3,5,8,3,2,7,Management,Blockchain Developer
6.19,6,4,8,8,9,10,6,7,9,2,2,10,4,2,1,5,Management,Cybersecurity Specialist
7.53,10,8,3,3,5,7,2,5,8,3,9,8,6,7,7,10,Systems,Web Developer
6.03,6,6,9,10,7,4,1,5,3,3,4,10,2,6,8,7,Research,Software Engineer
9.26,3,1,8,2,7,4,4,4,8,4,10,4,2,5,3,10,Research,Software Engineer
8.36,8,4,8,9,10,4,9,1,3,9,7,10,7,10,5,4,Networking,Mobile App Developer
9.27,7,8,7,9,7,10,7,1,4,9,8,6,8,4,10,1,Management,Data Analyst
7.14,3,9,9,3,4,1,1,3,1,5,9,3,1,10,7,5,Analytics,Data Analyst
9.44,3,2,5,10,8,8,7,1,7,8,5,2,3,9,3,3,Networking,Project Manager
6.92,5,5,7,7,8,5,10,6,8,2,7,2,2,3,1,3,Management,Software Engineer
8.85,1,10,7,8,1,4,1,10,2,10,7,2,9,1,10,7,Networking,Data Analyst
8.38,10,1,6,2,9,7,2,4,5,7,3,4,8,8,2,5,Management,Web Developer
6.49,10,6,2,10,2,7,8,6,6,1,9,5,8,6,9,1,Analytics,Web Developer
9.25,4,6,7,8,8,6,2,2,2,7,2,4,7,4,2,10,Systems,Software Engineer
6.58,3,1,10,7,9,10,6,2,8,2,2,9,10,5,2,9,Systems,Database Administrator
6.59,10,5,5,8,5,8,3,1,9,10,4,5,4,1,3,10,Analytics,Web Developer
6.38,10,1,1,7,10,7,5,1,4,9,6,2,4,10,6,5,Management,Web Developer
6.64,5,3,9,7,5,2,6,2,10,9,10,4,9,7,7,3,Coding,Software Engineer
9.5,6,5,10,2,10,4,10,1,7,5,5,3,6,9,4,3,Design,Software Engineer
6.86,8,1,6,7,5,8,8,6,4,5,10,1,9,8,8,7,Research,Web Developer
7.11,2,4,10,2,7,3,10,10,3,6,8,10,7,8,3,3,Networking,Cloud Engineer
8.58,9,6,2,8,4,9,2,10,4,5,1,9,4,8,5,8,Research,Web Developer
6.01,7,1,10,2,3,9,10,9,3,9,5,7,1,6,2,8,Systems,Cloud Engineer
6.4,4,9,9,6,9,7,3,1,10,3,3,7,4,10,10,5,Networking,Data Analyst
6.02,9,3,3,10,2,6,4,7,3,9,3,5,3,2,3,1,Design,Project Manager
8.98,9,3,3,3,2,3,4,2,2,6,9,5,1,10,8,8,Networking,Mobile App Developer
6.76,10,2,10,6,5,2,8,5,8,5,2,3,9,5,1,10,Research,Game Developer
8.7,1,5,9,7,2,1,10,8,8,5,8,1,4,3,6,6,Research,IoT Engineer
9.07,4,10,1,4,4,5,9,6,2,4,6,10,3,4,7,2,Analytics,Software Engineer
6.44,7,5,6,10,4,5,10,7,1,5,7,3,9,3,6,3,Design,Blockchain Developer
9.35,2,6,8,10,6,2,1,1,10,10,9,1,5,6,4,10,Systems,UI/UX Designer
9.53,5,9,4,7,3,7,2,6,1,5,9,3,3,1,1,4,Coding,Software Engineer
9.29,4,9,6,6,3,6,9,2,3,2,9,10,8,6,8,3,Networking,Software Engineer
9.76,6,5,10,4,2,10,7,2,5,6,3,5,7,8,8,9,Management,Database Administrator
6.8,3,1,5,3,4,10,2,1,6,4,1,4,10,5,2,6,Research,Software Engineer
9.2,7,3,5,9,7,2,8,9,1,5,10,8,8,8,7,6,Networking,Cloud Engineer
9.52,10,2,3,9,4,6,7,7,2,8,3,9,9,3,9,5,Analytics,Blockchain Developer
7.69,2,2,8,2,3,4,8,4,1,5,2,9,6,10,2,7,Networking,Software Engineer
6.15,7,3,7,10,1,7,3,10,2,1,6,7,8,9,4,5,Analytics,Cloud Engineer
7.23,2,7,8,6,6,8,10,3,3,1,2,2,1,1,1,8,Systems,Software Engineer
7.8,1,5,5,2,3,10,6,3,10,7,4,3,10,2,9,1,Design,Software Engineer
6.69,1,8,6,10,4,1,3,5,1,5,4,5,5,5,4,7,Coding,Software Engineer
8.64,8,9,3,9,7,10,8,2,1,9,4,3,8,5,9,4,Analytics,Web Developer
6.46,3,4,5,2,6,8,7,6,9,5,7,2,8,4,7,5,Networking,Software Engineer
9.73,4,7,10,7,9,5,4,7,7,7,7,1,2,4,1,3,Management,Cybersecurity Specialist
9.89,7,6,6,9,6,9,9,9,2,3,2,6,5,9,2,2,Management,Robotics Engineer
9.91,1,9,1,9,5,7,3,1,6,5,5,9,2,2,5,5,Research,Software Engineer
9.28,7,3,10,9,6,8,8,8,7,7,9,9,1,2,10,10,Design,Cloud Engineer
7.17,9,3,4,5,8,9,5,10,1,2,6,10,7,5,8,4,Analytics,Web Developer
7.17,5,10,8,4,9,6,4,5,6,8,2,1,9,2,6,2,Management,Data Analyst
8.82,7,9,3,5,7,7,7,7,1,3,8,5,10,6,7,3,Design,Blockchain Developer
7.75,3,7,1,6,9,2,4,2,10,8,4,6,7,7,2,5,Design,Software Engineer
7.54,4,9,8,1,3,1,3,1,8,6,7,7,2,5,4,9,Research,Data Analyst
8.49,1,6,1,9,9,2,1,6,9,10,9,3,3,4,10,1,Research,Project Manager
9.22,3,6,3,2,6,4,8,1,3,6,9,5,1,4,5,9,Coding,Software Engineer
9.7,2,5,3,3,7,6,4,2,10,4,2,2,5,7,2,10,Analytics,UI/UX Designer
9.02,8,8,7,2,9,1,5,4,1,3,2,8,9,2,2,9,Research,Data Analyst
8.69,7,2,6,4,4,2,7,5,10,8,8,5,6,2,6,7,Coding,Software Engineer
6.98,2,4,5,4,5,6,5,2,7,2,3,1,7,6,6,3,Systems,Software Engineer
6.41,5,6,4,10,10,2,4,5,10,8,6,2,3,4,4,10,Coding,UI/UX Designer
9.84,3,8,5,10,2,6,1,7,1,3,2,8,2,6,1,2,Research,Software Engineer
9.56,8,7,8,8,9,3,4,1,9,6,9,4,1,6,6,8,Analytics,Mobile App Developer
6.21,6,10,8,6,2,8,5,2,3,1,9,1,1,7,7,5,Systems,Data Analyst
7.82,2,9,2,8,5,2,1,4,5,3,6,7,2,9,5,1,Networking,Software Engineer
9.98,1,3,2,8,9,6,4,7,4,2,4,7,2,5,3,10,Research,Cybersecurity Specialist
9.82,6,1,10,8,4,7,1,3,6,10,9,5,1,3,6,1,Research,Software Engineer
6.66,10,10,6,9,2,1,2,10,6,2,8,8,8,9,6,1,Systems,Mobile App Developer
8.38,7,7,8,3,9,10,8,4,10,5,1,9,3,8,6,5,Networking,Database Administrator
6.05,7,4,9,10,10,9,7,1,5,8,3,6,5,7,4,9,Systems,Database Administrator
7.89,9,10,8,2,10,8,7,2,5,9,1,10,2,4,7,1,Systems,Web Developer
6.31,3,9,9,5,9,4,6,2,9,10,1,10,6,7,1,10,Research,Data Analyst
9.47,3,1,9,1,6,5,3,1,5,2,5,4,10,8,10,5,Coding,Software Engineer
6.59,8,1,7,7,1,3,1,2,3,1,8,8,4,8,5,4,Coding,Mobile App Developer
9.41,6,10,7,1,7,3,2,7,3,9,4,6,4,7,2,1,Analytics,Data Analyst
6.82,9,1,3,2,9,3,4,9,3,7,10,4,1,2,10,7,Design,Mobile App Developer
8.9,6,2,4,9,10,6,1,3,3,8,2,6,9,8,2,6,Research,Project Manager
6.29,9,10,3,5,2,10,6,2,10,9,2,7,5,5,5,10,Research,Web Developer
6.83,1,7,2,5,10,6,1,5,3,5,9,2,3,3,5,8,Analytics,Software Engineer
9.53,4,5,4,9,9,6,6,2,8,5,4,2,8,6,4,3,Systems,Software Engineer
9.88,10,4,7,4,2,2,2,8,7,5,8,10,9,4,4,5,Management,Mobile App Developer
7.97,3,9,1,2,2,4,8,6,5,10,4,7,4,8,8,8,Research,IoT Engineer
7.89,3,8,6,8,10,5,1,8,9,2,5,3,10,4,9,2,Management,Cybersecurity Specialist
6.42,1,5,3,1,9,2,1,2,3,8,2,2,7,7,6,1,Management,Software Engineer
7.02,6,10,8,1,4,7,9,10,8,3,9,9,6,8,6,3,Analytics,Data Scientist
6.95,6,4,7,5,9,6,5,4,8,5,5,6,3,9,2,2,Management,Software Engineer
8.08,1,5,10,6,8,5,4,5,2,7,4,4,1,3,5,9,Analytics,Software Engineer
8.13,6,4,9,6,3,10,8,9,6,3,8,6,1,3,6,3,Management,Database Administrator
8.03,7,7,10,3,7,3,7,8,10,3,3,5,6,4,1,2,Coding,Software Engineer
9.19,3,9,3,10,7,1,4,10,5,9,4,10,1,3,6,10,Management,Cloud Engineer
9.22,3,6,4,1,2,7,4,10,10,7,1,8,7,9,3,4,Systems,Cloud Engineer
7.66,1,8,8,1,3,4,6,7,4,6,9,6,5,4,7,1,Coding,Data Analyst
7.33,1,9,1,2,7,1,2,6,1,5,8,1,8,10,10,7,Analytics,Software Engineer
9.43,3,4,5,10,1,2,3,10,7,7,3,10,7,8,10,9,Management,Cloud Engineer
6.72,7,7,4,4,3,5,1,2,8,1,2,8,5,4,2,9,Systems,Embedded Systems Engineer
9.68,6,1,6,7,4,9,3,10,8,7,9,10,1,1,4,7,Systems,Cloud Engineer
7.44,2,4,2,2,4,10,10,9,4,10,2,8,6,4,10,5,Management,Cloud Engineer
8.75,9,10,10,3,8,4,1,5,7,3,4,1,2,3,2,7,Systems,Data Analyst
8.37,8,7,9,2,7,7,9,6,7,5,8,10,3,8,5,7,Analytics,Web Developer
6.34,9,8,5,8,5,2,9,10,7,3,7,6,3,1,8,3,Coding,Mobile App Developer
9.5,3,10,2,4,4,10,2,7,10,8,3,1,5,6,8,1,Design,Software Engineer
7.16,2,5,2,8,7,8,8,7,8,5,6,2,6,5,9,3,Coding,Software Engineer
7.95,3,4,7,8,5,4,7,4,1,7,4,6,9,5,7,2,Management,Software Engineer
8.98,7,1,10,8,1,8,2,9,4,8,2,2,6,10,10,3,Networking,Robotics Engineer
7.64,1,1,10,3,7,5,9,4,5,4,6,9,1,4,1,7,Coding,Software Engineer
6.71,3,2,10,8,8,7,1,5,5,2,7,3,4,1,5,3,Research,Software Engineer
9.8,7,4,8,10,9,3,7,3,10,1,5,5,9,5,7,3,Systems,Blockchain Developer
7.78,3,8,3,8,7,3,5,7,1,6,10,2,10,6,1,6,Networking,Software Engineer
9.35,3,6,4,2,6,5,9,8,6,5,4,8,2,9,10,3,Design,Cloud Engineer
8.03,7,5,1,9,9,8,2,6,3,6,7,1,6,2,2,8,Research,Software Engineer
7.52,2,7,4,9,5,2,1,4,6,2,8,10,4,2,6,1,Analytics,Software Engineer
6.36,2,3,9,7,2,5,9,2,9,9,3,8,9,4,4,3,Analytics,Software Engineer
9.14,4,2,8,10,3,6,4,4,9,6,1,4,2,4,4,1,Coding,Software Engineer
8.51,5,9,2,2,4,2,10,1,8,4,7,6,10,6,10,6,Research,IoT Engineer
8.7,9,2,5,8,3,4,3,10,7,10,4,2,3,8,10,7,Analytics,Robotics Engineer
8.83,10,8,9,6,2,10,1,10,8,9,2,10,9,3,5,5,Research,Web Developer
8.41,10,10,3,3,1,1,1,1,9,1,1,3,7,7,7,10,Design,Game Developer
6.54,2,6,8,4,9,8,5,8,7,2,9,6,6,3,2,6,Networking,Cybersecurity Specialist
6.47,2,3,6,9,4,9,9,5,8,9,5,5,3,10,4,1,Networking,Project Manager
8.27,3,5,7,3,10,10,8,5,3,2,3,1,8,6,6,10,Networking,Database Administrator
7.28,8,4,1,2,10,10,3,10,10,10,8,3,8,1,2,2,Analytics,Web Developer
9.82,4,2,6,6,4,5,3,5,6,4,9,10,3,7,7,1,Research,Software Engineer
8.62,9,4,3,9,1,6,5,6,2,9,7,7,9,4,5,7,Coding,Mobile App Developer
9.9,5,8,7,10,8,6,2,9,4,2,2,9,5,10,9,10,Analytics,Data Analyst
9.59,1,6,8,6,2,10,7,4,9,1,10,3,4,7,7,7,Research,Database Administrator
9.21,6,1,9,8,4,2,7,8,3,1,10,3,6,4,8,2,Design,Software Engineer
8.94,9,5,9,5,4,9,6,7,8,4,10,6,2,9,9,7,Systems,Web Developer
9.78,10,6,7,9,3,4,8,4,4,7,2,9,7,9,9,10,Coding,Robotics Engineer
7.95,10,7,4,7,8,8,2,9,6,10,3,7,2,8,10,4,Networking,Web Developer
8.54,3,10,7,9,6,9,9,3,10,6,4,1,3,9,7,10,Networking,Data Analyst
7.06,1,10,7,4,7,1,6,5,10,7,10,4,8,8,8,1,Networking,Data Analyst
9.41,10,9,3,4,7,4,5,6,6,1,6,8,10,3,7,8,Networking,Blockchain Developer
7.33,4,6,5,2,7,3,10,5,7,3,8,1,4,7,10,9,Networking,Software Engineer
9.57,1,6,5,8,8,7,8,2,4,2,2,9,4,2,6,1,Management,Software Engineer
7.76,10,8,4,1,9,6,1,2,3,3,8,10,2,4,3,5,Analytics,Mobile App Developer
7.75,10,2,1,9,3,2,10,4,1,1,1,6,9,7,9,8,Networking,AI/ML Engineer
7.88,6,8,2,2,1,1,4,2,3,3,3,3,7,2,3,5,Analytics,Software Engineer
9.67,8,5,7,2,6,9,3,9,6,1,1,10,1,5,3,5,Design,Web Developer
7.86,4,9,5,10,7,4,10,8,4,5,6,3,1,10,1,8,Research,IoT Engineer
7.96,2,8,5,5,4,1,1,9,1,5,10,6,4,8,5,5,Management,Software Engineer
6.78,5,6,9,1,5,8,5,5,3,2,9,3,1,6,1,1,Networking,Software Engineer
8.67,2,9,8,2,5,10,2,2,7,8,4,10,3,9,5,1,Research,Data Analyst
8.98,8,7,5,6,9,7,1,10,7,8,8,8,1,2,10,7,Analytics,Web Developer
9.14,1,9,6,8,10,10,2,10,2,10,3,9,7,10,5,10,Networking,Cybersecurity Specialist
9.19,3,5,8,5,2,9,9,6,6,3,9,8,7,7,1,9,Systems,Database Administrator
6.26,7,10,2,1,5,9,10,6,9,8,4,2,3,8,2,2,Networking,Robotics Engineer
8.13,9,10,7,8,8,1,4,2,7,3,2,6,9,7,5,7,Management,Data Analyst
9.84,8,3,4,10,8,1,1,6,10,7,9,9,4,7,2,6,Systems,Mobile App Developer
6.77,7,3,5,5,8,2,4,9,4,9,4,6,5,9,3,5,Research,Robotics Engineer
7.96,6,1,4,5,7,1,5,9,6,7,5,3,7,8,10,10,Design,Network Engineer
7.49,5,4,6,3,7,5,1,4,1,3,2,10,2,3,10,4,Management,Software Engineer
9.89,2,3,1,3,2,3,3,2,2,6,6,2,1,8,10,1,Research,Software Engineer
6.61,8,4,2,6,2,1,2,6,5,3,3,6,3,6,7,3,Research,Software Engineer
7.75,6,10,1,4,1,1,1,2,4,2,10,7,5,10,5,7,Analytics,Software Engineer
7.3,8,3,7,10,7,3,3,2,8,8,7,5,2,9,9,1,Management,Mobile App Developer
8.55,9,6,8,5,9,7,5,10,7,9,1,6,5,8,1,10,Management,Web Developer
8.28,10,8,10,8,3,7,9,10,4,9,9,3,10,2,3,2,Design,Web Developer
9.52,1,1,6,3,10,9,8,2,10,1,1,1,2,7,10,10,Research,IoT Engineer
8.89,2,7,6,3,3,4,2,5,3,6,6,4,8,5,1,5,Research,Software Engineer
9.46,4,4,2,9,1,4,1,6,8,8,10,6,10,8,10,8,Networking,Project Manager
8.37,10,10,6,9,7,10,9,1,3,9,5,4,8,1,4,6,Coding,Web Developer
8.44,8,8,9,10,1,3,7,3,2,4,4,6,3,10,1,3,Analytics,Data Scientist
8.49,9,1,9,1,8,6,1,9,9,2,1,6,4,4,9,8,Management,Game Developer
6.47,7,7,6,1,3,5,5,1,10,10,8,10,5,10,5,7,Coding,Robotics Engineer
9.3,10,5,9,4,2,7,7,10,1,1,7,2,10,8,10,4,Coding,Web Developer
6.33,1,9,8,3,6,1,3,3,3,2,5,5,5,1,9,4,Networking,Data Analyst
7.54,2,1,2,8,1,6,8,6,7,2,10,4,8,4,1,6,Research,IoT Engineer
10.0,3,8,2,9,3,8,9,10,4,6,9,4,8,4,2,8,Management,Software Engineer
7.53,3,3,4,5,3,7,9,6,1,10,5,9,1,2,1,2,Networking,Software Engineer
8.69,10,1,3,1,6,9,5,8,1,7,2,3,10,7,4,5,Research,Web Developer
7.79,7,2,9,4,10,4,3,7,1,4,4,1,6,9,4,5,Systems,Cybersecurity Specialist
7.82,4,5,3,6,4,7,6,3,8,6,1,9,5,2,4,4,Systems,Software Engineer
9.46,4,8,2,8,7,9,7,3,4,3,8,8,10,6,5,7,Networking,Software Engineer
8.99,9,2,9,8,7,9,10,7,1,10,8,6,3,6,5,5,Management,Web Developer
9.59,8,3,1,8,6,9,7,5,8,5,7,8,10,2,1,8,Networking,Web Developer
9.28,1,3,9,6,8,8,9,10,6,3,2,4,5,7,3,1,Analytics,Software Engineer
6.18,9,3,5,3,8,5,2,7,7,8,1,3,10,4,10,1,Design,Blockchain Developer
7.06,10,3,6,8,5,1,3,9,5,5,2,9,8,1,7,3,Coding,Cloud Engineer
7.95,1,1,5,2,2,6,10,3,6,4,10,6,3,5,8,9,Management,Software Engineer
9.77,9,9,8,10,7,3,5,1,5,1,2,5,4,3,9,7,Networking,Data Analyst
9.68,6,7,8,7,1,6,7,7,2,5,7,5,3,2,7,6,Research,Software Engineer
6.42,1,2,10,4,6,4,7,2,4,2,9,4,4,8,7,4,Analytics,Software Engineer
6.35,6,2,2,4,5,2,4,4,10,1,9,1,2,3,3,5,Analytics,Software Engineer
9.78,7,8,7,4,7,2,2,1,3,8,4,5,2,9,9,1,Networking,Data Analyst
9.36,5,9,5,10,2,2,2,7,9,9,2,5,1,7,2,3,Networking,Project Manager
8.25,8,10,2,5,10,7,9,9,3,3,2,10,5,1,6,5,Analytics,Web Developer
6.43,4,3,4,8,10,5,4,2,4,10,6,3,8,3,8,1,Coding,Software Engineer
6.4,4,2,9,8,10,1,10,9,1,2,8,8,1,5,7,3,Networking,Cybersecurity Specialist
8.09,8,9,5,3,6,9,6,3,9,7,5,6,8,7,3,7,Research,Web Developer
6.26,8,6,2,2,9,2,8,4,1,9,2,4,2,6,7,4,Research,IoT Engineer
7.68,5,1,4,1,4,4,7,4,7,10,6,9,4,2,10,2,Networking,Software Engineer
8.35,10,10,4,10,3,6,7,3,7,3,1,9,5,5,6,1,Research,Software Engineer
9.51,1,2,8,4,6,7,10,6,5,7,8,7,8,9,3,1,Systems,Software Engineer
9.15,1,9,7,8,2,4,2,2,1,2,8,10,10,8,5,10,Coding,Data Analyst
7.51,5,3,4,7,9,2,6,3,7,9,2,10,1,7,10,8,Design,Software Engineer
7.61,7,10,10,2,8,5,7,6,4,6,4,4,5,6,9,3,Analytics,Data Scientist
6.03,4,9,5,4,10,2,1,10,1,3,10,3,7,7,3,8,Coding,Cybersecurity Specialist
7.88,4,10,8,1,9,6,4,2,9,1,9,2,8,2,9,1,Systems,Data Analyst
6.9,4,2,6,5,1,5,7,5,9,5,2,2,7,7,7,1,Networking,Software Engineer
6.83,5,6,9,8,9,1,9,7,7,10,2,4,9,8,3,3,Coding,Cybersecurity Specialist
6.43,6,7,8,5,8,4,2,2,1,3,5,8,6,10,1,6,Management,Software Engineer
6.49,3,2,9,6,3,4,5,1,8,7,1,2,1,1,1,2,Coding,Software Engineer
8.68,4,8,4,5,10,2,5,1,6,9,6,7,2,5,4,9,Analytics,Software Engineer
10.0,10,3,3,10,4,6,3,5,2,1,6,3,3,7,6,1,Analytics,Software Engineer
6.26,5,10,5,7,2,6,8,6,1,9,10,4,7,3,4,10,Systems,Software Engineer
9.27,1,7,10,5,1,7,7,1,2,6,7,3,10,5,2,4,Networking,Software Engineer
7.28,5,2,7,7,1,9,3,1,2,6,1,10,3,8,6,9,Management,Database Administrator
8.18,7,8,8,1,8,8,3,2,3,1,2,1,5,6,5,6,Networking,Data Analyst
6.59,5,5,9,2,7,8,10,10,10,5,5,6,8,2,9,4,Coding,Network Engineer
9.47,1,5,6,4,1,6,6,3,3,5,1,6,8,8,6,1,Research,Software Engineer
9.82,1,3,3,4,5,8,7,10,1,8,3,7,10,1,7,5,Coding,Cloud Engineer
8.08,7,1,7,1,10,1,4,8,7,1,3,1,6,10,3,2,Coding,Cybersecurity Specialist
8.56,5,2,5,7,7,7,2,8,1,6,6,7,9,10,9,10,Networking,Cloud Engineer
7.98,10,5,6,1,7,9,7,10,1,4,9,5,8,3,1,2,Management,Web Developer
9.43,9,3,10,6,9,7,2,5,1,2,6,3,10,2,10,8,Management,Web Developer
7.18,10,7,9,1,10,5,2,6,6,2,7,7,5,6,5,6,Design,Mobile App Developer
6.34,2,7,10,7,5,3,10,7,9,1,4,2,10,8,4,10,Networking,UI/UX Designer
8.48,5,1,10,1,5,4,7,6,3,8,2,4,6,2,4,10,Management,Software Engineer
8.34,3,1,9,5,3,7,5,9,3,7,9,1,10,3,4,9,Analytics,Software Engineer
9.01,1,8,7,10,3,2,8,10,10,6,2,6,4,9,7,8,Systems,Data Analyst
6.27,5,10,5,4,9,5,8,9,5,8,6,3,9,2,4,3,Systems,Cybersecurity Specialist
8.94,10,3,8,3,5,3,1,2,9,4,6,6,6,9,2,2,Analytics,Game Developer
9.65,2,2,1,4,10,1,3,6,8,4,6,5,1,9,6,7,Research,Software Engineer
7.42,3,8,5,1,8,9,6,1,2,5,6,6,9,5,8,9,Coding,Software Engineer
9.0,2,5,3,2,6,6,2,3,5,9,8,6,7,10,8,9,Design,Software Engineer
6.38,7,2,7,5,4,3,6,5,3,10,4,6,6,2,2,3,Networking,Software Engineer
9.02,5,7,10,8,1,1,1,4,9,2,10,8,3,3,5,7,Design,Software Engineer
8.99,7,5,9,5,1,1,10,10,9,8,4,7,10,7,3,7,Analytics,Cloud Engineer
8.45,9,3,9,3,10,2,8,2,6,2,1,9,8,6,2,3,Systems,Blockchain Developer
8.56,1,2,10,1,4,7,7,9,5,5,2,1,6,7,7,6,Analytics,Network Engineer
8.55,10,8,5,5,8,5,10,1,1,5,6,1,1,1,1,9,Systems,AI/ML Engineer
6.5,1,4,6,9,3,4,8,9,9,4,9,3,5,5,9,10,Coding,Network Engineer
7.51,1,8,6,6,5,4,2,7,10,7,8,10,5,2,7,1,Systems,Software Engineer
8.52,7,6,4,9,2,5,6,10,8,6,2,8,8,10,5,5,Management,Cloud Engineer
9.37,5,6,1,5,3,10,8,10,8,2,9,2,1,5,3,6,Research,IoT Engineer
9.9,6,10,5,3,10,10,5,6,1,2,8,8,7,10,6,10,Networking,Software Engineer
6.68,8,6,2,9,1,2,10,7,8,9,8,5,10,1,5,1,Management,Mobile App Developer
9.44,10,9,6,2,5,5,2,5,9,2,7,1,1,10,4,7,Research,Mobile App Developer
8.87,5,4,2,6,5,8,7,5,10,10,8,4,9,3,10,8,Research,UI/UX Designer
8.53,7,8,3,10,7,9,7,4,1,4,3,4,3,10,8,10,Design,Robotics Engineer
8.3,3,5,7,3,2,6,1,4,4,2,4,6,5,8,2,10,Management,Software Engineer
7.17,3,1,8,9,3,6,2,1,8,3,7,5,6,5,6,3,Networking,Software Engineer
6.86,7,8,2,6,5,2,3,10,7,6,9,3,1,6,2,1,Research,Software Engineer
7.97,6,3,8,1,9,2,6,4,6,3,1,3,1,2,5,3,Research,Software Engineer
7.86,5,3,10,3,5,2,9,9,3,3,1,6,8,2,6,10,Analytics,Software Engineer
8.41,8,5,5,10,5,10,10,10,8,1,8,1,6,7,7,5,Networking,Web Developer
6.34,2,6,3,9,2,9,2,10,3,9,8,8,6,1,9,1,Design,Cloud Engineer
6.2,1,5,10,9,9,7,5,10,2,3,4,7,6,9,5,9,Systems,Cybersecurity Specialist
7.05,6,4,7,9,3,7,4,6,10,6,3,2,5,9,1,7,Systems,Software Engineer
8.46,10,8,7,10,7,1,4,2,9,4,4,10,10,3,6,8,Networking,Data Analyst
9.55,3,1,10,2,2,7,4,5,7,10,3,3,1,7,2,2,Design,Software Engineer
8.05,4,4,9,8,5,7,2,5,4,3,6,2,4,1,10,10,Networking,Software Engineer
7.89,7,1,8,9,4,7,7,7,8,4,7,10,2,5,7,3,Management,Software Engineer
6.49,9,8,6,4,4,6,4,7,2,5,8,6,6,3,3,3,Design,Mobile App Developer
8.8,10,9,2,7,10,9,6,2,8,2,3,5,4,9,10,9,Design,Web Developer
7.07,4,10,5,10,1,10,6,10,7,4,6,7,4,10,1,10,Systems,Cloud Engineer
6.28,8,5,10,7,1,2,2,7,3,8,4,4,9,9,5,4,Networking,Blockchain Developer
7.25,10,10,2,8,8,5,7,3,10,3,8,6,4,5,7,10,Networking,Mobile App Developer
9.7,9,1,10,6,9,3,8,6,10,8,3,8,3,4,9,6,Networking,Game Developer
8.55,6,3,7,4,7,9,10,10,6,8,6,10,5,9,10,4,Management,Cloud Engineer
6.48,10,4,2,6,6,1,2,9,6,5,4,3,1,9,1,8,Design,Robotics Engineer
7.37,5,2,7,6,2,1,8,1,4,1,5,6,9,10,4,6,Management,Software Engineer
9.42,1,3,7,3,8,7,3,8,3,1,8,2,7,10,1,9,Research,Software Engineer
8.81,8,9,7,7,10,7,9,8,9,6,3,4,10,4,2,4,Coding,Web Developer
6.22,4,9,5,4,7,3,9,9,6,3,1,6,1,9,2,3,Design,Software Engineer
6.25,5,1,9,2,2,8,8,9,6,2,9,6,8,10,10,3,Design,Network Engineer
7.06,2,9,7,2,4,6,2,8,3,5,3,6,4,4,5,9,Analytics,Data Analyst
7.04,9,1,5,6,8,7,5,2,6,3,7,1,4,2,5,8,Coding,Web Developer
8.18,9,9,3,9,6,8,1,7,9,4,10,6,10,7,10,5,Coding,Web Developer
6.85,6,1,8,3,4,3,2,4,9,2,8,3,1,9,4,7,Coding,Software Engineer
6.92,7,10,10,9,2,1,2,1,8,3,9,1,2,10,10,8,Systems,Data Analyst
8.39,10,7,10,9,4,7,10,2,2,10,7,3,2,1,3,2,Coding,Web Developer
9.57,10,10,10,1,9,1,8,6,7,7,6,6,10,9,1,4,Management,Data Scientist
6.35,8,10,3,2,9,2,10,6,4,9,6,3,3,3,9,5,Systems,AI/ML Engineer
7.72,9,6,1,4,6,3,5,8,6,1,3,2,7,8,1,4,Networking,Robotics Engineer
9.21,5,9,4,1,4,4,8,2,7,6,6,4,1,1,1,8,Management,Software Engineer
8.12,3,6,3,5,1,6,1,9,1,10,7,8,3,9,10,5,Management,Cloud Engineer
9.41,4,6,8,6,3,9,6,3,2,8,10,1,1,8,4,8,Management,Database Administrator
7.45,6,10,10,9,6,5,4,2,5,6,8,5,4,7,1,3,Networking,Data Analyst
7.94,9,1,7,5,5,5,9,7,4,4,6,9,2,6,5,7,Research,AI/ML Engineer
6.85,9,3,2,2,7,5,10,5,2,4,10,9,10,1,3,4,Analytics,Mobile App Developer
9.79,4,3,2,1,7,3,8,3,3,10,3,4,3,1,8,4,Coding,Software Engineer
7.64,3,4,6,5,3,8,9,8,5,10,7,1,2,3,2,9,Networking,Software Engineer
6.48,8,6,8,8,7,5,1,7,7,7,5,7,9,6,5,2,Research,Blockchain Developer
8.07,9,6,5,10,10,2,1,5,7,7,4,1,7,6,6,4,Coding,Software Engineer
8.49,7,3,7,10,7,9,5,10,5,7,9,9,2,8,4,7,Research,Cloud Engineer
8.68,6,8,10,8,10,4,9,10,3,9,8,4,3,3,7,1,Design,Data Scientist
9.35,6,3,1,9,2,8,3,3,10,7,4,7,1,5,2,7,Management,Software Engineer
8.53,5,5,8,3,7,10,7,2,5,8,5,9,3,7,10,3,Design,Database Administrator
7.12,9,9,4,2,9,5,8,6,8,7,3,2,9,4,9,4,Analytics,Game Developer
6.44,8,1,4,9,8,7,6,10,1,4,8,7,10,3,8,2,Analytics,Web Developer
6.42,8,9,2,4,2,1,8,1,9,9,2,10,4,3,9,8,Management,UI/UX Designer
6.26,5,6,5,9,1,1,4,1,10,5,9,1,4,1,4,2,Design,Software Engineer
6.25,2,8,10,10,7,9,2,6,10,3,10,4,2,10,4,5,Research,Data Analyst
7.44,8,4,1,7,7,6,8,4,1,9,10,5,9,5,9,7,Management,Mobile App Developer
7.78,10,3,6,2,9,2,1,3,7,6,9,3,1,10,4,8,Coding,Mobile App Developer
7.81,5,10,5,2,5,6,1,1,8,3,1,5,4,10,8,2,Networking,Software Engineer
9.97,3,9,2,8,7,8,6,6,8,3,9,7,4,8,10,7,Research,Software Engineer
6.47,4,7,10,9,9,8,3,1,1,3,2,3,3,9,6,7,Analytics,Software Engineer
7.46,10,9,8,3,3,3,1,10,1,4,10,2,3,4,1,5,Networking,Mobile App Developer
7.9,7,4,4,2,9,4,10,2,2,7,5,1,10,9,9,1,Management,Blockchain Developer
9.23,7,8,2,5,8,3,5,6,10,5,10,5,7,9,3,4,Analytics,Robotics Engineer
8.5,5,4,3,8,6,4,5,4,10,7,7,1,3,3,7,4,Management,Software Engineer
7.27,6,1,7,6,7,5,9,2,1,4,8,6,2,7,8,7,Coding,Software Engineer
7.0,6,1,1,2,5,2,7,4,2,5,5,10,6,4,9,10,Design,Software Engineer
6.92,8,9,4,3,4,3,9,5,1,7,7,3,1,1,6,1,Systems,Mobile App Developer
9.3,2,8,8,10,7,4,10,3,2,6,8,7,9,6,10,7,Design,Data Scientist
9.17,10,10,7,2,5,4,6,7,8,5,5,10,3,1,2,10,Networking,Data Analyst
9.99,7,5,3,5,3,6,2,5,8,7,10,5,7,8,5,2,Networking,Robotics Engineer
7.41,6,3,5,7,2,7,3,7,2,10,7,10,8,1,5,10,Coding,Software Engineer
6.47,10,8,2,9,10,8,1,9,10,3,2,10,9,9,10,10,Design,Web Developer
7.81,5,2,4,7,9,1,2,3,10,10,8,2,2,7,6,1,Coding,Software Engineer
6.44,1,4,5,1,2,3,1,10,2,6,1,3,10,1,7,8,Analytics,Network Engineer
6.85,9,3,2,5,5,9,6,8,5,2,2,10,1,1,7,6,Coding,Web Developer
9.29,5,10,8,1,5,2,3,6,7,10,8,4,2,10,10,6,Management,Data Analyst
8.42,5,7,1,5,9,4,3,2,9,5,9,3,6,5,3,2,Management,Software Engineer
8.35,4,8,5,4,2,7,2,7,2,1,3,3,8,2,7,8,Networking,Software Engineer
6.2,7,8,6,5,2,5,2,6,2,7,6,9,1,8,3,6,Research,Robotics Engineer
9.52,6,2,1,2,5,2,7,9,10,9,9,5,3,3,4,10,Networking,UI/UX Designer
8.75,4,4,2,8,3,3,1,6,7,2,2,8,10,2,4,6,Management,Software Engineer
7.58,10,7,8,10,3,7,7,6,1,2,1,4,5,5,2,2,Design,Web Developer
6.67,9,4,1,1,2,1,8,10,4,3,4,6,2,2,9,6,Coding,Network Engineer
8.4,4,7,2,4,5,5,8,7,2,8,10,10,8,10,4,3,Networking,Software Engineer
9.53,4,6,9,9,1,3,7,8,6,7,9,9,1,8,8,3,Coding,Cloud Engineer
7.63,4,7,3,8,6,7,2,8,6,5,3,8,3,8,5,3,Management,Cloud Engineer
7.62,5,10,1,3,7,3,2,9,8,3,5,2,8,9,7,5,Networking,Network Engineer
6.04,8,5,5,5,3,7,4,4,8,1,4,9,1,1,4,2,Management,Web Developer
8.99,2,5,3,6,4,2,2,7,2,3,3,9,1,8,9,9,Coding,Software Engineer
7.23,2,8,10,1,3,7,7,2,1,1,6,2,1,8,10,6,Systems,Data Scientist
9.06,7,4,1,1,10,6,7,3,9,4,10,7,9,3,4,1,Systems,Blockchain Developer
6.54,8,8,1,2,9,3,3,3,10,8,1,3,8,7,7,10,Analytics,Blockchain Developer
9.24,5,8,9,10,9,2,9,5,2,7,8,3,5,10,9,7,Coding,Data Scientist
8.99,5,8,7,9,8,5,2,10,2,6,4,9,3,3,7,3,Management,Data Analyst
8.32,5,5,5,8,9,1,2,10,9,5,8,10,3,10,4,1,Analytics,Cybersecurity Specialist
6.97,9,2,10,1,7,3,3,3,7,4,9,10,8,5,8,5,Analytics,Mobile App Developer
8.66,4,5,8,4,9,10,2,7,3,1,7,2,8,7,1,1,Research,Cybersecurity Specialist
7.2,3,9,10,9,1,3,6,4,3,7,5,8,2,7,8,9,Coding,Data Analyst
9.05,6,3,9,1,10,5,4,5,4,5,2,7,10,10,9,3,Analytics,Software Engineer
7.96,5,8,5,10,3,2,7,3,1,9,7,10,6,4,3,2,Systems,Project Manager
8.05,8,8,6,7,9,7,4,6,8,4,6,10,4,8,1,9,Management,Web Developer
9.92,7,9,6,9,6,6,6,8,2,9,3,9,7,8,7,2,Design,Cloud Engineer
6.39,3,9,5,6,5,5,10,4,6,1,8,6,6,10,8,1,Systems,Software Engineer
8.17,8,6,3,6,7,4,3,7,9,7,7,3,3,4,1,2,Management,Mobile App Developer
7.44,4,5,8,7,9,3,10,3,10,1,7,6,5,3,5,5,Systems,Software Engineer
7.7,8,4,3,9,8,2,6,2,2,10,9,6,8,3,6,7,Research,Mobile App Developer
9.53,2,9,1,9,3,9,3,10,1,6,8,4,9,7,10,8,Systems,Network Engineer
7.16,5,6,2,4,10,7,10,1,3,10,8,9,8,10,4,1,Systems,Software Engineer
7.94,10,2,6,4,1,2,5,2,2,6,9,5,5,2,2,6,Systems,Mobile App Developer
6.19,9,3,6,8,5,2,1,5,8,8,2,3,9,4,4,8,Management,Game Developer
9.59,2,3,5,7,3,5,6,10,6,10,9,10,7,1,7,8,Research,Cloud Engineer
8.88,5,10,3,9,10,5,4,1,5,2,1,7,2,2,8,6,Networking,Software Engineer
7.83,9,9,6,10,5,1,9,9,9,9,3,2,6,3,3,6,Design,AI/ML Engineer
7.96,9,1,5,6,1,3,10,1,10,2,4,3,4,7,2,3,Analytics,AI/ML Engineer
6.11,1,10,7,1,5,7,10,1,6,3,2,8,8,7,2,10,Systems,Data Analyst
7.45,8,10,5,10,3,5,2,6,5,1,1,8,9,6,4,1,Networking,Blockchain Developer
8.71,1,7,9,9,1,10,1,4,6,5,1,1,3,10,3,1,Networking,Database Administrator
9.25,1,9,9,3,7,9,10,4,10,7,10,5,5,8,2,9,Networking,Data Scientist
7.23,9,2,7,4,5,3,2,10,7,7,3,6,10,5,6,5,Networking,Blockchain Developer
6.5,10,1,6,4,2,3,7,6,3,8,8,5,8,9,2,5,Research,Mobile App Developer
9.37,7,8,6,7,8,6,8,5,8,1,6,3,10,7,5,6,Networking,Blockchain Developer
7.43,9,7,9,6,1,8,3,5,5,1,1,4,9,10,8,9,Analytics,Web Developer
7.03,9,6,7,9,10,7,3,10,10,3,2,8,3,10,5,5,Systems,Web Developer
8.36,2,4,2,10,5,6,2,1,6,10,5,10,2,2,5,3,Design,Project Manager
9.01,9,10,10,4,8,4,6,2,6,4,7,7,2,3,2,6,Networking,Mobile App Developer
7.76,1,8,6,6,8,1,3,7,8,10,7,5,9,7,3,9,Research,Software Engineer
6.56,1,4,8,5,3,3,5,10,2,6,1,9,4,7,1,5,Networking,Cloud Engineer
7.94,4,4,5,10,10,9,3,4,10,1,10,8,10,3,9,6,Systems,Software Engineer
8.76,2,8,9,5,4,8,2,2,10,4,5,5,8,7,10,8,Networking,Data Analyst
9.17,7,7,1,9,7,9,9,6,9,4,5,6,1,8,3,1,Research,IoT Engineer
6.91,1,3,2,10,6,1,7,3,2,4,1,7,1,3,7,9,Coding,Software Engineer
9.3,4,4,9,2,9,5,8,3,8,5,6,1,10,1,8,2,Research,IoT Engineer
7.73,10,5,7,4,5,7,8,10,5,7,5,8,4,7,5,4,Research,Web Developer
9.6,10,10,7,6,2,7,5,7,8,9,2,9,7,5,7,6,Systems,Web Developer
7.59,7,10,7,8,10,7,2,2,9,4,10,6,6,5,2,1,Research,Data Analyst
6.27,4,1,7,4,7,3,7,5,9,4,1,4,1,6,8,4,Networking,Software Engineer
9.5,8,9,8,9,9,2,3,7,8,7,4,8,2,10,5,3,Systems,Data Analyst
7.79,7,9,2,8,1,2,3,5,10,9,1,2,6,10,5,2,Management,Robotics Engineer
8.89,10,4,6,7,5,5,5,2,4,7,1,3,4,8,3,2,Design,Robotics Engineer
6.79,10,4,1,6,8,6,2,2,6,9,4,3,2,9,4,9,Management,Robotics Engineer
6.14,9,6,7,6,9,5,1,4,9,4,3,6,3,4,1,9,Networking,Game Developer
9.6,5,8,8,1,2,2,8,9,1,6,1,10,10,1,10,8,Research,Data Scientist
9.0,10,2,9,1,10,7,9,4,1,6,7,7,8,3,3,7,Management,Web Developer
7.93,6,9,8,3,1,3,5,1,2,1,7,8,4,3,1,1,Management,Data Analyst
9.22,5,4,8,9,5,1,5,2,3,7,8,6,5,5,7,5,Analytics,Software Engineer
6.75,4,2,10,8,2,2,10,10,3,8,2,1,4,10,1,10,Research,IoT Engineer
8.68,8,3,4,6,5,10,7,9,2,10,5,8,9,9,8,1,Coding,Web Developer
7.52,7,3,6,8,10,9,3,3,4,4,2,10,3,6,7,3,Analytics,Software Engineer
6.45,8,1,10,8,10,8,3,2,2,8,1,5,3,2,4,8,Coding,Web Developer
7.05,6,2,5,8,6,8,8,4,9,9,7,2,1,7,2,9,Systems,UI/UX Designer
7.05,5,6,10,3,9,8,10,7,6,8,6,1,10,3,10,4,Management,Cybersecurity Specialist
9.56,3,6,3,3,8,5,2,5,7,1,9,6,6,5,5,5,Systems,Software Engineer
6.4,3,10,5,6,2,9,8,3,5,2,9,5,8,10,4,3,Networking,Software Engineer
7.97,3,10,2,10,2,6,6,5,9,3,9,3,2,7,6,1,Management,Software Engineer
8.74,1,10,3,6,6,6,3,10,2,1,9,10,8,5,9,8,Analytics,Cloud Engineer
8.53,7,3,5,10,9,10,3,6,10,9,10,4,1,6,1,10,Research,UI/UX Designer
7.56,10,10,5,9,4,4,6,10,1,8,9,9,6,4,10,8,Analytics,Mobile App Developer
7.56,7,8,7,1,8,6,6,5,4,10,1,8,2,1,6,10,Networking,Data Analyst
9.17,1,8,10,8,3,1,1,10,10,8,2,9,9,5,1,9,Research,Data Analyst
8.28,4,7,10,10,4,1,7,4,8,8,6,6,7,7,2,9,Management,Project Manager
6.54,3,4,3,9,5,5,4,5,9,7,5,2,2,4,3,10,Research,UI/UX Designer
7.65,1,1,1,5,6,4,7,10,2,8,3,5,6,10,5,6,Networking,Software Engineer
7.65,3,8,9,8,5,4,3,5,9,2,6,4,6,8,10,5,Research,Data Analyst
8.84,6,3,7,5,4,1,2,5,10,10,9,7,10,3,4,9,Design,UI/UX Designer
6.88,2,8,2,1,7,1,6,4,3,3,6,9,1,9,1,1,Research,Software Engineer
6.47,6,2,5,8,7,1,4,5,7,8,2,7,9,6,7,4,Design,Software Engineer
7.14,6,8,7,5,10,9,1,2,9,2,7,10,1,1,3,8,Research,Data Analyst
9.53,8,6,6,2,5,5,5,6,1,3,2,6,5,2,8,9,Design,Software Engineer
7.45,5,10,1,1,7,3,5,1,2,8,5,6,10,7,3,3,Analytics,Software Engineer
8.82,3,3,2,3,7,10,10,9,4,10,5,9,10,6,10,9,Research,Cloud Engineer
7.18,1,8,6,6,9,4,1,9,7,10,5,10,8,7,7,8,Research,Cybersecurity Specialist
6.94,1,7,3,9,7,1,4,5,8,10,7,3,7,6,7,3,Research,Project Manager
9.49,1,3,5,8,9,3,3,6,9,4,2,4,2,1,9,3,Design,Software Engineer
9.2,3,2,6,5,9,3,8,3,5,4,5,9,2,1,1,9,Research,IoT Engineer
7.49,6,3,2,9,6,2,6,2,6,7,3,2,4,4,5,4,Design,Software Engineer
8.86,8,9,5,10,5,1,4,2,2,3,1,4,7,4,3,5,Design,Software Engineer
9.25,5,9,7,4,1,6,3,10,7,7,1,1,9,10,8,4,Systems,Data Analyst
6.13,3,8,4,9,10,1,1,7,7,8,8,5,3,7,4,6,Design,Cybersecurity Specialist
9.73,3,5,3,4,10,5,9,3,6,8,10,1,8,1,3,1,Coding,Software Engineer
7.63,9,10,2,2,3,8,10,9,6,5,10,1,6,7,9,10,Management,Web Developer
8.81,4,1,6,9,4,3,3,10,1,8,2,4,1,5,9,8,Systems,Network Engineer
7.77,2,10,7,2,3,9,5,1,1,2,1,5,2,3,4,4,Coding,Data Analyst
6.69,5,1,3,1,2,1,3,3,3,6,4,4,7,9,5,10,Analytics,Software Engineer
8.08,9,6,7,10,10,10,1,9,2,2,7,10,1,6,8,2,Management,Web Developer
7.13,8,5,8,9,5,4,7,9,7,1,2,10,8,3,9,6,Design,Cloud Engineer
9.56,1,6,4,6,9,3,5,6,10,10,5,5,9,5,2,3,Management,Software Engineer
6.49,3,4,3,2,3,10,1,8,4,4,10,2,3,7,8,10,Management,Software Engineer
9.38,9,4,5,10,10,4,6,9,5,5,3,4,10,5,10,2,Systems,Cybersecurity Specialist
9.75,8,8,10,6,2,8,10,7,8,5,4,1,2,5,2,5,Management,Web Developer
9.37,4,7,4,3,8,10,8,6,1,1,9,9,2,1,8,9,Coding,Software Engineer
7.24,9,8,4,6,6,5,5,9,5,6,2,4,6,2,5,10,Management,Software Engineer
9.9,3,7,4,9,7,7,8,9,3,3,6,10,3,8,6,6,Design,Cloud Engineer
7.27,6,6,8,5,7,9,7,6,6,1,7,1,3,7,6,3,Management,Database Administrator
9.55,8,6,4,5,1,4,9,10,7,1,2,5,3,3,5,10,Management,AI/ML Engineer
6.27,8,6,3,2,4,10,9,6,7,7,3,10,2,4,6,7,Systems,Web Developer
7.44,4,4,10,6,1,1,6,2,2,1,4,2,7,8,8,3,Networking,Software Engineer
6.12,6,4,2,4,3,4,8,2,5,9,6,5,4,3,3,9,Systems,Software Engineer
6.02,9,3,4,3,9,4,5,1,7,7,3,10,4,10,6,3,Systems,Embedded Systems Engineer
9.02,7,8,9,3,7,3,7,10,8,6,7,10,1,1,5,9,Analytics,Data Scientist
8.83,2,9,7,8,5,9,10,10,10,8,2,6,6,5,3,7,Analytics,Data Analyst
9.91,3,9,10,10,8,5,8,9,4,8,7,7,9,5,10,2,Networking,Data Scientist
8.17,6,8,5,10,2,1,5,9,6,8,5,1,4,8,10,7,Management,Network Engineer
7.33,8,10,6,1,6,7,10,7,4,10,5,10,9,10,10,1,Design,Web Developer
9.97,5,5,5,7,6,8,6,4,4,9,3,5,1,2,5,6,Analytics,Software Engineer
7.6,8,5,2,1,4,2,7,1,1,3,4,1,2,6,1,5,Analytics,Software Engineer
7.67,5,3,6,7,1,2,6,7,9,10,1,1,8,6,3,7,Research,Software Engineer
6.65,3,9,10,9,3,2,4,7,4,4,5,8,5,8,5,6,Research,Data Analyst
7.55,4,8,4,5,7,10,1,10,9,6,8,6,3,5,3,3,Management,Software Engineer
9.5,2,5,7,1,3,3,6,9,1,8,5,10,8,8,2,4,Networking,Cloud Engineer
8.83,7,3,8,3,1,8,9,2,10,6,6,9,6,7,3,4,Research,IoT Engineer
8.12,9,8,3,2,2,10,3,6,3,9,2,4,10,8,10,5,Analytics,Web Developer
8.72,9,6,2,8,8,8,6,2,8,3,4,6,6,1,1,1,Management,Web Developer
8.7,3,3,1,4,7,9,5,5,3,6,4,9,5,8,3,4,Coding,Software Engineer
7.21,3,9,9,9,6,8,4,10,8,8,7,5,10,9,1,3,Management,Data Analyst
8.84,4,5,4,7,5,8,5,6,9,8,2,6,3,10,3,3,Coding,Software Engineer
8.51,6,8,7,3,10,1,1,2,4,6,8,8,2,9,9,2,Design,Data Analyst
8.4,1,1,1,2,8,1,4,7,2,7,3,6,5,3,1,6,Systems,Software Engineer
7.88,8,10,5,5,10,5,3,7,9,3,9,10,8,10,7,8,Networking,Mobile App Developer
6.81,3,4,6,2,4,3,5,6,8,5,10,8,5,7,10,8,Systems,Software Engineer
9.67,10,6,3,10,6,10,8,1,9,2,6,4,10,6,9,7,Management,Web Developer
8.25,3,9,2,2,5,9,10,7,8,9,10,4,8,2,5,5,Networking,Software Engineer
9.61,9,4,7,9,8,2,10,6,7,5,3,4,6,9,10,8,Networking,AI/ML Engineer
7.71,5,10,4,9,5,5,5,6,7,2,8,1,6,8,4,4,Research,Software Engineer
9.78,4,10,3,6,3,1,6,8,6,6,9,10,2,2,9,5,Design,Cloud Engineer
8.22,7,3,5,4,5,2,2,10,5,9,1,5,8,8,4,1,Research,Blockchain Developer
9.18,1,4,8,4,5,3,4,9,10,3,8,3,10,2,9,10,Systems,Network Engineer
7.7,9,1,6,7,2,9,1,4,10,8,10,8,9,2,5,4,Systems,Web Developer
6.13,8,3,5,10,4,2,1,5,9,1,5,5,10,2,7,10,Analytics,Blockchain Developer
9.76,5,4,2,10,1,7,5,5,3,8,7,2,8,10,4,6,Management,Project Manager
9.91,6,2,2,9,7,8,10,10,9,10,5,10,8,3,5,1,Systems,Cloud Engineer
6.89,6,1,6,5,3,2,5,7,10,6,4,10,9,1,10,4,Coding,Software Engineer
9.2,2,2,5,5,8,8,8,9,3,3,8,4,9,5,1,9,Analytics,Software Engineer
7.98,3,5,10,6,10,2,7,4,9,6,9,5,4,7,9,7,Design,Software Engineer
6.22,9,6,9,6,4,7,10,7,2,8,2,1,9,2,1,10,Analytics,Web Developer
7.84,3,1,7,6,10,5,3,9,3,2,7,4,7,4,5,8,Coding,Cybersecurity Specialist
9.32,8,4,5,3,5,10,7,10,4,2,9,1,10,5,9,5,Networking,Web Developer
9.68,3,3,6,5,7,10,3,2,3,10,10,5,5,4,7,2,Coding,Software Engineer
8.32,4,1,2,5,5,7,2,6,9,2,6,10,10,10,10,9,Coding,UI/UX Designer
7.49,4,6,10,8,3,8,2,4,7,10,3,8,7,4,10,10,Management,Software Engineer
7.26,7,4,8,6,1,10,3,10,5,1,10,5,1,5,9,2,Management,Database Administrator
8.53,7,7,3,8,8,4,5,4,8,6,6,7,10,3,8,8,Networking,Blockchain Developer
9.34,9,6,7,10,6,1,10,2,8,3,7,6,10,7,3,5,Systems,Mobile App Developer
8.41,4,1,5,9,4,1,3,1,4,5,2,3,4,2,8,6,Systems,Software Engineer
8.09,8,9,5,10,6,7,6,5,2,3,2,3,7,2,3,1,Systems,Web Developer
8.21,5,4,9,3,8,10,9,3,9,4,7,2,9,7,5,6,Coding,Database Administrator
7.75,3,5,8,8,1,8,7,3,2,2,10,2,2,10,3,5,Systems,Software Engineer
7.9,9,4,7,5,3,9,9,4,1,5,9,7,8,2,5,5,Networking,Web Developer
8.17,1,1,4,2,4,9,4,6,6,3,10,1,6,1,4,3,Systems,Software Engineer
6.77,1,9,8,5,1,9,4,7,2,6,5,7,5,8,1,10,Coding,Data Analyst
8.91,2,10,6,4,3,4,10,2,7,9,6,1,7,9,7,8,Analytics,Software Engineer
6.43,1,7,2,8,6,1,3,8,8,5,4,7,2,10,6,4,Management,Cloud Engineer
7.37,4,5,4,2,6,5,4,6,4,2,2,10,6,2,9,5,Networking,Software Engineer
6.73,2,6,9,1,5,8,3,1,3,5,1,8,10,5,4,8,Research,Software Engineer
8.61,7,4,10,3,10,5,4,5,8,1,5,7,5,7,2,1,Research,Software Engineer
9.9,2,1,2,5,10,10,1,2,3,1,9,4,5,6,8,9,Management,Software Engineer
9.09,8,8,10,1,2,7,9,2,1,6,9,7,8,1,9,3,Coding,Web Developer
6.74,4,5,8,3,10,3,7,3,2,6,6,9,9,1,8,6,Networking,Software Engineer
7.22,3,6,6,8,5,9,7,3,4,4,2,8,10,10,4,5,Analytics,Software Engineer
8.45,8,10,7,2,10,1,5,10,8,8,2,7,8,6,9,6,Analytics,Data Analyst
8.02,10,7,5,7,2,2,10,10,4,2,7,10,4,8,5,7,Coding,Mobile App Developer
9.03,8,4,3,9,6,10,3,10,6,2,2,8,1,7,10,2,Management,Web Developer
8.0,6,4,5,2,10,8,2,6,8,3,4,8,5,8,8,4,Research,Software Engineer
6.23,2,3,6,10,6,4,1,9,8,7,9,7,10,6,6,9,Design,Cloud Engineer
9.71,4,7,9,8,6,6,8,5,6,1,1,4,8,7,3,3,Research,IoT Engineer
6.64,1,6,1,1,4,7,2,9,8,3,8,10,3,5,8,7,Systems,Cloud Engineer
7.26,1,7,10,1,10,2,8,3,2,10,3,8,2,6,1,4,Analytics,Software Engineer
8.27,5,4,5,5,4,8,2,7,8,3,2,7,4,7,10,3,Analytics,Software Engineer
9.94,3,3,8,8,7,4,10,4,8,1,1,6,2,5,10,5,Coding,Software Engineer
6.14,4,9,10,5,7,6,1,2,10,10,5,7,9,10,9,9,Analytics,Data Analyst
9.07,3,7,1,4,2,3,4,1,2,10,8,5,2,4,9,9,Analytics,Software Engineer
6.55,10,9,5,10,4,10,9,1,1,6,7,7,1,2,3,4,Design,Web Developer
7.99,5,6,6,9,10,4,10,2,4,6,6,9,10,10,5,7,Coding,Software Engineer
9.06,10,8,10,4,2,4,10,8,5,10,1,5,9,3,8,4,Networking,Data Scientist
7.49,4,3,2,7,7,4,9,1,4,6,8,1,6,7,2,10,Systems,Software Engineer
9.27,8,6,1,2,5,4,4,6,6,9,9,2,1,6,9,7,Networking,Mobile App Developer
7.82,6,10,2,5,9,1,7,6,5,1,9,9,5,7,7,8,Research,Software Engineer
6.21,5,3,3,4,2,3,2,5,1,2,7,8,1,1,9,3,Research,Software Engineer
7.64,2,6,10,5,8,5,9,8,7,8,5,1,8,2,5,4,Systems,Software Engineer
7.37,3,10,6,8,5,2,8,10,10,6,5,4,10,5,4,8,Analytics,UI/UX Designer
6.48,7,1,7,10,3,6,2,2,2,6,1,1,6,7,2,6,Systems,Embedded Systems Engineer
7.34,7,6,8,5,10,9,10,8,9,10,9,8,2,9,7,2,Analytics,Cybersecurity Specialist
8.92,5,8,7,3,4,4,5,3,7,1,2,9,6,1,2,10,Management,Data Analyst
8.35,6,8,2,6,10,7,5,3,3,1,9,8,8,3,6,9,Systems,Software Engineer
7.29,7,6,8,2,8,8,4,1,10,6,4,5,4,10,9,9,Research,Robotics Engineer
8.15,1,2,8,7,4,9,7,10,1,10,2,1,6,8,3,3,Management,Database Administrator
7.75,6,8,7,6,10,8,1,1,1,2,4,2,4,5,9,5,Design,Data Analyst
8.78,8,6,7,8,5,6,6,1,4,5,6,1,6,4,7,8,Systems,Embedded Systems Engineer
8.49,6,5,6,7,6,8,5,9,3,2,4,7,1,6,5,4,Management,Cloud Engineer
9.75,2,9,10,3,7,1,3,6,7,10,8,2,4,7,8,4,Analytics,Data Analyst
8.47,3,5,9,4,9,3,1,2,4,8,4,1,3,8,5,6,Management,Software Engineer
7.5,1,10,4,7,7,10,1,3,6,5,8,1,5,2,10,1,Research,Software Engineer
8.91,4,5,10,9,6,2,7,6,6,2,10,10,7,4,4,7,Management,Software Engineer
8.42,3,7,9,5,5,10,3,2,6,3,3,7,3,9,8,9,Management,Database Administrator
6.99,3,6,9,7,6,4,3,1,6,4,7,10,8,1,10,9,Networking,Software Engineer
9.86,9,9,1,5,7,5,7,2,10,3,2,2,1,6,2,8,Networking,Game Developer
6.58,6,3,8,7,5,1,7,9,10,9,2,5,5,8,7,6,Design,Network Engineer
